UID,Metric Group,Metric Category,Metric Type,Metric Name,Unit,45322,45351,45382,45412,45443,45473,45504,45535,45565,45596,45626,45657,45688,45716,45747,45777,45808,,,,,,,,
1,Accounting,Income Statement,Income,Offline Abrasive Revenue,$,147932,188535,326387,302709,452103,367283,427527,414994,418657,529654,352392,257009,444498,368038,430437,364774,579437,,,,,,,,
2,Accounting,Income Statement,Income,Online Abrasive Revenue,$,1247,1347,381,862,429,80,-9964,5554,2674,6420,8421,5528,9601,9223,17758,21124,29976,,,,,,,,
3,Accounting,Income Statement,Income,Equipment Resale Revenue,$,0,0,0,0,695,0,10453,0,5888,384,3756,-394,0,211,5666,17047,360,,,,,,,,
4,Accounting,Income Statement,Income,Non-Abrasive Revenue,$,300,0,0,575,0,0,0,0,0,0,75,0,900,2167,256,608,113,,,,,,,,
5,Accounting,Income Statement,Income,Shipping Revenue,$,23824,34561,28448,39934,57267,42009,55432,60587,43204,84567,54850,37397,43700,54075,53326,32428,63830,,,,,,,,
6,Accounting,Income Statement,Income,Sales Tax Payable,$,0,0,0,0,-370,-2028,0,-565,-315,-530,-633,-1004,-383,-425,-1527,-355,0,,,,,,,,
7,Accounting,Income Statement,Income,Tip Fee Revenue,$,2414,1918,914,743,713,1454,952,986,986,761,1234,478,249,982,994,500,0,,,,,,,,
8,Accounting,Income Statement,Income,Total Revenue,$,175718,226361,356130,344822,510836,408797,484398,481556,471093,621255,420094,299013,498564,434270,506910,436126,673715,,,,,,,,
9,Accounting,Income Statement,Cost of Goods Sold,Process Labor,$,70701,56575,62343,60716,62900,58091,64616,65074,86473,78567,82756,77554,82000,76601,81587,67725,75100,,,,,,,,
10,Accounting,Income Statement,Cost of Goods Sold,Raw Material,$,5611,14850,7307,10974,43462,11828,16412,41627,9095,45503,67254,85516,60096,19841,139163,34971,89520,,,,,,,,
11,Accounting,Income Statement,Cost of Goods Sold,Shipping,$,31960,44158,37451,44282,55457,56468,62381,67094,83222,48888,84560,49327,32434,36324,51637,81625,77318,,,,,,,,
12,Accounting,Income Statement,Cost of Goods Sold,Packaging,$,931,18972,6075,24849,6300,28721,19721,13682,32928,36498,16208,1515,64260,41302,2934,33740,66613,,,,,,,,
13,Accounting,Income Statement,Cost of Goods Sold,Maintenance,$,9526,20273,5362,26674,15150,11975,20505,8731,12530,21745,15466,21703,59076,18667,17440,37782,21153,,,,,,,,
14,Accounting,Income Statement,Cost of Goods Sold,Equipment Resale COGS,$,0,0,0,0,0,0,0,10247,5887,926,3246,0,890,996,3950,10744,3687,,,,,,,,
15,Accounting,Income Statement,Cost of Goods Sold,Waste,$,14498,29467,17957,22602,13268,10223,14433,19493,21719,19204,18037,28299,22292,17150,18107,25841,14523,,,,,,,,
16,Accounting,Income Statement,Cost of Goods Sold,Inventory,$,-71501,-4882,24131,13255,71211,30757,26195,19355,-8,20456,23916,-26253,45782,-700,12397,1363,70315,,,,,,,,
17,Accounting,Income Statement,Cost of Goods Sold,Utilities,$,7837,9193,8724,6955,6221,5776,6092,6955,7640,7637,7961,8794,11269,8243,12734,12427,9224,,,,,,,,
18,Accounting,Income Statement,Cost of Goods Sold,Total COGS,$,69563,188605,169351,210308,273968,213838,230355,252259,259486,279424,319402,246454,378100,218425,339950,306218,427452,,,,,,,,
19,Accounting,Income Statement,Gross Earnings,Gross Income,$,106155.1,37755.35,186779.87,134514.71,236868.33,194958.9,254043.02,229296.07,211607.56,341830.83,100692.15,52559.38,120464.76,215845.06,166959.11,129907.94,246263,,,,,,,,
20,Accounting,Income Statement,Gross Earnings,% Gross Income,%,1,0,1,0,0,0,1,0,0,1,0,0,0,0,0,0,0.366,,,,,,,,
21,Accounting,Income Statement,SG&A Expenses,Professional Fees,$,52208,52208,52208,55208,53928,67877,52208,52208,56176,52208,52208,52208,52208,52208,52208,52208,52208,,,,,,,,
22,Accounting,Income Statement,SG&A Expenses,Sales & Marketing,$,16587,21302,26658,25508,34993,35453,32619,34496,45333,48650,55945,69730,95052,76033,76678,86480,103148,,,,,,,,
23,Accounting,Income Statement,SG&A Expenses,Overhead Labor,$,26592,28706,31863,31730,40878,30954,19118,14859,17171,14862,14456,14450,15981,13968,14423,15564,14583,,,,,,,,
24,Accounting,Income Statement,SG&A Expenses,Benefits,$,20711,17370,14201,14201,14201,27345,18160,13632,13633,14012,16253,14846,17047,18931,13573,12626,13011,,,,,,,,
25,Accounting,Income Statement,SG&A Expenses,Accounting,$,18973,7574,7574,7724,8212,7974,7724,7724,3580,3580,7724,7724,18818,10574,7388,10639,32070,,,,,,,,
26,Accounting,Income Statement,SG&A Expenses,Equipment Rental,$,2306,8544,13046,5055,5425,5067,5020,12498,4993,11445,6381,8119,12745,1951,5164,5077,17454,,,,,,,,
27,Accounting,Income Statement,SG&A Expenses,Tax,$,0,0,0,27139,0,18295,0,0,0,0,0,46744,0,0,1356,41341,0,,,,,,,,
28,Accounting,Income Statement,SG&A Expenses,Insurance,$,9349,9183,9313,9302,9813,5890,5899,5936,6295,1877,2569,1895,8178,3463,4858,6909,9457,,,,,,,,
29,Accounting,Income Statement,SG&A Expenses,Office,$,4641,4531,4301,5237,5600,5395,4626,5215,6024,4488,4967,7898,6597,5267,8385,6335,4920,,,,,,,,
30,Accounting,Income Statement,SG&A Expenses,Banking,$,1952,2017,2419,2198,3270,2417,5542,2203,3400,3079,4172,2411,2455,1999,3681,4320,3994,,,,,,,,
31,Accounting,Income Statement,SG&A Expenses,R&D,$,0,0,0,0,0,0,0,0,0,0,25564,3322,0,2172,0,0,1548,,,,,,,,
32,Accounting,Income Statement,SG&A Expenses,Warehouse,$,1142,1142,1142,1142,1142,1142,1142,1142,1142,1142,3142,6523,4664,1192,1142,1142,1187,,,,,,,,
33,Accounting,Income Statement,SG&A Expenses,Misc,$,1668,71,735,6658,670,2221,528,1459,513,2353,15,4412,2358,1139,1089,1338,2784,,,,,,,,
34,Accounting,Income Statement,SG&A Expenses,Legal,$,680,0,1510,5533,1808,0,0,0,138,0,0,784,0,0,0,0,4690,,,,,,,,
35,Accounting,Income Statement,SG&A Expenses,Total Expenses,$,156809,152649,164970,196635,179938,210032,152585,151372,158397,157696,193395,241067,236103,188897,189946,243979,261052,,,,,,,,
36,Accounting,Income Statement,Ordinary Earninjgs,Operating Income,$,-50654.39,-114893.43,21810.07,-62119.84,56930.01,-15072.66,101457.55,77924.31,53210.53,184134.76,-92702.73,-188507.91,-115638.49,26948.54,-22986.49,-114070.61,-14789,,,,,,,,
37,Accounting,Income Statement,Ordinary Earnings,Operating Margin,%,0,-1,0,0,0,0,0,0,0,0,0,-1,0,0,0,0,-0.022,,,,,,,,
38,Accounting,Income Statement,Other Income & Expenses,Other Income,$,1000000,0,17225,0,0,0,0,0,0,0,0,0,0,0,0,0,0,,,,,,,,
39,Accounting,Income Statement,Other Income & Expenses,Interest Income,$,0,0,36,0,0,36,0,0,37,0,0,37,0,0,36,0,0,,,,,,,,
40,Accounting,Income Statement,Other Income & Expenses,Total Other Income,$,1000000,0,17262,0,0,36,0,0,37,0,0,37,0,0,36,0,0,,,,,,,,
41,Accounting,Income Statement,Other Income & Expenses,Interest Expense,$,7617,11187,21381,13864,13317,13619,13053,13388,13247,12682,13001,10485,10797,10761,17589,12642,12124,,,,,,,,
42,Accounting,Income Statement,Other Income & Expenses,Depreciation,$,53174.75,53174.74,53174.75,53174.74,56282.43,53796.27,53960.82,53960.82,53960.82,53960.82,53960.82,55828.79,55090.41,55090.41,55090.41,55090.41,55090,,,,,,,,
43,Accounting,Income Statement,Other Income & Expenses,QOZ Penalty,$,5587,4838,4285,3614,4005,4012,4522,5155,5022,5771,4766,3023,2309,2077,2256,1423,0,,,,,,,,
44,Accounting,Income Statement,Other Income & Expenses,Total Other Expense,$,66378.29,69199.43,78840.3,70652.71,73604.69,71427.59,71535.37,72503.97,72230.1,72413.94,71727.97,69336.78,68196.27,67928.71,74935.11,69155.17,67214,,,,,,,,
45,Accounting,Income Statement,Other Income & Expenses,Net Other Income,$,933621.71,-69199.43,-61578.63,-70652.71,-73604.69,-71391.39,-71535.37,-72503.97,-72193.5,-72413.94,-71727.97,-69300.17,-68196.27,-67928.71,-74899.18,-69155.17,-67214,,,,,,,,
46,Accounting,Income Statement,Net Earnings,Net Income,$,882967.32,-184092.86,-39768.56,-132772.55,-16674.68,-86464.05,29922.18,5420.34,-18982.97,111720.82,-164430.7,-257808.08,-183834.76,-40980.17,-97885.67,-183225.78,-82003,,,,,,,,
47,Accounting,Income Statement,Net Earnings,% Net Income,%,5.03,-0.81,-0.11,-0.39,-0.03,-0.21,0.06,0.01,-0.04,0.18,-0.39,-0.86,-0.37,-0.09,-0.19,-0.42,-0.122,,,,,,,,
48,Accounting,Income Statement,Net Earnings,EBITDA,$,943758.61,-119731.43,34750.55,-65733.84,52925.01,-19084.66,96935.55,72769.31,48188.53,178363.76,-97468.73,-191530.91,-117947.49,24871.54,-25242.49,-115493.61,-14789,,,,,,,,
49,Accounting,Income Statement,Net Earnings,% EBITDA,%,5.37,-0.53,0.1,-0.19,0.1,-0.05,0.2,0.15,0.1,0.29,-0.23,-0.64,-0.24,0.06,-0.05,-0.27,-0.022,,,,,,,,
50,Accounting,Income Statement,Total Costs,Break-Even Revenue,$,292750.33,410453.36,395935.15,477594.88,527511.1,495297.37,454476.26,476135.16,490113.06,509534.3,584525.01,556858.17,682399.06,475250.04,604831.12,619351.86,755718,,,,,,,,
51,Accounting,Unit Income Statement,Unit Income,Unit Offline Abrasive Revenue,$/lb,0.29,0.23,0.27,0.27,0.28,0.29,0.31,0.29,0.3,0.28,0.28,0.29,0.29,0.29,0.28,0.31,0.299,,,,,,,,
52,Accounting,Unit Income Statement,Unit Income,Unit Online Abrasive Revenue,$/lb,0,0,0,0,0,0,-0.01,0,0,0,0.01,0.01,0.01,0.01,0.01,0.02,0.015,,,,,,,,
53,Accounting,Unit Income Statement,Unit Income,Unit Equipment Resale Revenue,$/lb,0,0,0,0,0,0,0.01,0,0,0,0,0,0,0,0,0.01,0,,,,,,,,
54,Accounting,Unit Income Statement,Unit Income,Unit Non-Abrasive Revenue,$/lb,0,0,0,0,0,0,0,0,0,0,0,0,0,0,0,0,0,,,,,,,,
55,Accounting,Unit Income Statement,Unit Income,Unit Shipping Revenue,$/lb,0.05,0.04,0.02,0.04,0.04,0.03,0.04,0.04,0.03,0.05,0.04,0.04,0.03,0.04,0.04,0.03,0.033,,,,,,,,
56,Accounting,Unit Income Statement,Unit Income,Unit Sales Tax Payable,$/lb,0,0,0,0,0,0,0,0,0,0,0,0,0,0,0,0,0,,,,,,,,
57,Accounting,Unit Income Statement,Unit Income,Unit Tip Fee Revenue,$/lb,0.01,0,0,0,0,0,0,0,0,0,0,0,0,0,0,0,0,,,,,,,,
58,Accounting,Unit Income Statement,Unit Income,Unit Total Revenue,$/lb,0.34,0.28,0.29,0.31,0.32,0.32,0.35,0.34,0.34,0.33,0.34,0.34,0.32,0.34,0.34,0.36,0.348,,,,,,,,
59,Accounting,Unit Income Statement,Unit Cost of Goods Sold,Unit Process Labor,$/lb,0.14,0.07,0.05,0.06,0.04,0.05,0.05,0.05,0.06,0.04,0.07,0.09,0.05,0.06,0.05,0.06,0.039,,,,,,,,
60,Accounting,Unit Income Statement,Unit Cost of Goods Sold,Unit Raw Material,$/lb,0.01,0.02,0.01,0.01,0.03,0.01,0.01,0.03,0.01,0.02,0.05,0.1,0.04,0.02,0.09,0.03,0.046,,,,,,,,
61,Accounting,Unit Income Statement,Unit Cost of Goods Sold,Unit Shipping,$/lb,0.06,0.05,0.03,0.04,0.03,0.04,0.05,0.05,0.06,0.03,0.07,0.06,0.02,0.03,0.03,0.07,0.04,,,,,,,,
62,Accounting,Unit Income Statement,Unit Cost of Goods Sold,Unit Packaging,$/lb,0.002,0.023,0.005,0.022,0.004,0.022,0.014,0.01,0.023,0.02,0.013,0.002,0.042,0.032,0.002,0.028,0.034,,,,,,,,
63,Accounting,Unit Income Statement,Unit Cost of Goods Sold,Unit Maintenance,$/lb,0.02,0.03,0,0.02,0.01,0.01,0.02,0.01,0.01,0.01,0.01,0.02,0.04,0.02,0.01,0.03,0.011,,,,,,,,
64,Accounting,Unit Income Statement,Unit Cost of Goods Sold,Unit Equipment Resale COGS,$/lb,0,0,0,0,0,0,0,0.01,0,0,0,0,0,0,0,0.01,0.002,,,,,,,,
65,Accounting,Unit Income Statement,Unit Cost of Goods Sold,Unit Waste,$/lb,0.03,0.04,0.02,0.02,0.01,0.01,0.01,0.01,0.02,0.01,0.01,0.03,0.01,0.01,0.01,0.02,0.007,,,,,,,,
66,Accounting,Unit Income Statement,Unit Cost of Goods Sold,Unit Inventory,$/lb,-0.14,-0.01,0.02,0.01,0.04,0.02,0.02,0.01,0,0.01,0.02,-0.03,0.03,0,0.01,0,0.036,,,,,,,,
67,Accounting,Unit Income Statement,Unit Cost of Goods Sold,Unit Utilities,$/lb,0.02,0.01,0.01,0.01,0,0.01,0,0.01,0.01,0,0.01,0.01,0.01,0.01,0.01,0.01,0.005,,,,,,,,
68,Accounting,Unit Income Statement,Unit Cost of Goods Sold,Unit Total COGS,$/lb,0.14,0.23,0.14,0.19,0.17,0.17,0.17,0.18,0.19,0.15,0.25,0.28,0.25,0.17,0.23,0.26,0.221,,,,,,,,
69,Accounting,Unit Income Statement,Unit Gross Earnings,Unit Gross Income,$/lb,0.21,0.05,0.15,0.12,0.15,0.15,0.18,0.16,0.15,0.18,0.08,0.06,0.08,0.17,0.11,0.11,0.127,,,,,,,,
70,Accounting,Unit Income Statement,Unit Gross Earnings,Unit % Gross Income,%,0.6,0.17,0.52,0.39,0.46,0.48,0.52,0.48,0.45,0.55,0.24,0.18,0.24,0.5,0.33,0.3,0.366,,,,,,,,
71,Accounting,Unit Income Statement,Unit SG&A Expenses,Unit Professional Fees,$/lb,0.1,0.06,0.04,0.05,0.03,0.05,0.04,0.04,0.04,0.03,0.04,0.06,0.03,0.04,0.04,0.04,0.027,,,,,,,,
72,Accounting,Unit Income Statement,Unit SG&A Expenses,Unit Sales & Marketing,$/lb,0.03,0.03,0.02,0.02,0.02,0.03,0.02,0.02,0.03,0.03,0.05,0.08,0.06,0.06,0.05,0.07,0.053,,,,,,,,
73,Accounting,Unit Income Statement,Unit SG&A Expenses,Unit Overhead Labor,$/lb,0.05,0.04,0.03,0.03,0.03,0.02,0.01,0.01,0.01,0.01,0.01,0.02,0.01,0.01,0.01,0.01,0.008,,,,,,,,
74,Accounting,Unit Income Statement,Unit SG&A Expenses,Unit Benefits,$/lb,0.04,0.02,0.01,0.01,0.01,0.02,0.01,0.01,0.01,0.01,0.01,0.02,0.01,0.02,0.01,0.01,0.007,,,,,,,,
75,Accounting,Unit Income Statement,Unit SG&A Expenses,Unit Accounting,$/lb,0.04,0.01,0.01,0.01,0.01,0.01,0.01,0.01,0,0,0.01,0.01,0.01,0.01,0.01,0.01,0.017,,,,,,,,
76,Accounting,Unit Income Statement,Unit SG&A Expenses,Unit Equipment Rental,$/lb,0,0.01,0.01,0.01,0,0,0,0.01,0,0.01,0.01,0.01,0.01,0,0,0,0.009,,,,,,,,
77,Accounting,Unit Income Statement,Unit SG&A Expenses,Unit Tax,$/lb,0,0,0,0.02,0,0.01,0,0,0,0,0,0.05,0,0,0,0.04,0,,,,,,,,
78,Accounting,Unit Income Statement,Unit SG&A Expenses,Unit Insurance,$/lb,0.02,0.01,0.01,0.01,0.01,0.01,0,0,0,0,0,0,0.01,0,0,0.01,0.005,,,,,,,,
79,Accounting,Unit Income Statement,Unit SG&A Expenses,Unit Office,$/lb,0.009,0.006,0.004,0.005,0.003,0.004,0.003,0.004,0.004,0.002,0.004,0.009,0.004,0.004,0.006,0.005,0.003,,,,,,,,
80,Accounting,Unit Income Statement,Unit SG&A Expenses,Unit Banking,$/lb,0,0,0,0,0,0,0,0,0,0,0,0,0,0,0,0,0.002,,,,,,,,
81,Accounting,Unit Income Statement,Unit SG&A Expenses,Unit R&D,$/lb,0,0,0,0,0,0,0,0,0,0,0.02,0,0,0,0,0,0.001,,,,,,,,
82,Accounting,Unit Income Statement,Unit SG&A Expenses,Unit Warehouse,$/lb,0,0,0,0,0,0,0,0,0,0,0,0.01,0,0,0,0,0.001,,,,,,,,
83,Accounting,Unit Income Statement,Unit SG&A Expenses,Unit Misc,$/lb,0,0,0,0.01,0,0,0,0,0,0,0,0.01,0,0,0,0,0.001,,,,,,,,
84,Accounting,Unit Income Statement,Unit SG&A Expenses,Unit Legal,$/lb,0,0,0,0.01,0,0,0,0,0,0,0,0,0,0,0,0,0.002,,,,,,,,
85,Accounting,Unit Income Statement,Unit SG&A Expenses,Unit Total Expenses,$/lb,0.304,0.188,0.136,0.177,0.111,0.164,0.11,0.106,0.113,0.085,0.154,0.27,0.153,0.148,0.126,0.204,0.135,,,,,,,,
86,Accounting,Unit Income Statement,Unit Ordinary Earninjgs,Unit Operating Income,$/lb,-0.1,-0.14,0.02,-0.06,0.04,-0.01,0.07,0.05,0.04,0.1,-0.07,-0.21,-0.08,0.02,-0.02,-0.1,-0.008,,,,,,,,
87,Accounting,Unit Income Statement,Unit Ordinary Earninjgs,Unit % Operating Income,%,0,-1,0,0,0,0,0,0,0,0,0,-1,0,0,0,0,-0.022,,,,,,,,
88,Accounting,Unit Income Statement,Unit Other Income & Expenses,Unit Other Income,$/lb,2,0,0,0,0,0,0,0,0,0,0,0,0,0,0,0,0,,,,,,,,
89,Accounting,Unit Income Statement,Unit Other Income & Expenses,Unit Interest Income,$/lb,0,0,0,0,0,0,0,0,0,0,0,0,0,0,0,0,0,,,,,,,,
90,Accounting,Unit Income Statement,Unit Other Income & Expenses,Unit Total Other Income,$/lb,2,0,0,0,0,0,0,0,0,0,0,0,0,0,0,0,0,,,,,,,,
91,Accounting,Unit Income Statement,Unit Other Income & Expenses,Unit Debt Interest,$/lb,0,0,0,0,0,0,0,0,0,0,0,0,0,0,0,0,0.006,,,,,,,,
92,Accounting,Unit Income Statement,Unit Other Income & Expenses,Unit Depreciation,$/lb,0,0,0,0,0,0,0,0,0,0,0,0,0,0,0,0,0.028,,,,,,,,
93,Accounting,Unit Income Statement,Unit Other Income & Expenses,Unit QOZ Penalty,$/lb,0,0,0,0,0,0,0,0,0,0,0,0,0,0,0,0,0,,,,,,,,
94,Accounting,Unit Income Statement,Unit Other Income & Expenses,Unit Total Other Income,$/lb,0,0,0,0,0,0,0,0,0,0,0,0,0,0,0,0,0.035,,,,,,,,
95,Accounting,Unit Income Statement,Unit Other Income & Expenses,Unit Net Other Income,$/lb,2,0,0,0,0,0,0,0,0,0,0,0,0,0,0,0,-0.035,,,,,,,,
96,Accounting,Unit Income Statement,Unit Net Earnings,Unit Net Income,$/lb,2,0,0,0,0,0,0,0,0,0,0,0,0,0,0,0,-0.042,,,,,,,,
97,Accounting,Unit Income Statement,Unit Net Earnings,Unit % Net Income,%,5,-1,0,0,0,0,0,0,0,0,0,-1,0,0,0,0,-0.122,,,,,,,,
98,Accounting,Unit Income Statement,Unit Net Earnings,Unit EBITDA,$/lb,2,0,0,0,0,0,0,0,0,0,0,0,0,0,0,0,-0.008,,,,,,,,
99,Accounting,Unit Income Statement,Unit Net Earnings,Unit % EBITDA,%,5,-1,0,0,0,0,0,0,0,0,0,-1,0,0,0,0,-0.022,,,,,,,,
100,Accounting,Unit Income Statement,Unit Total Costs,Break-Even Price,$/lb,1,1,0,0,0,0,0,0,0,0,0,1,0,0,0,1,0.39,,,,,,,,
101,Accounting,Cash Flow Statement,Operating Activities,Net Income,$,882967,-184093,-39769,-132773,-16675,-86464,29922,5420,-18983,111721,-164431,-257808,-183835,-40980,-97886,-183226,-242727,,,,,,,,
102,Accounting,Cash Flow Statement,Operating Activities,Accounts Receivable,$,132331,-79909,-77999,-95539,-202369,-60298,-101207,81507,-65842,-65985,114304,101725,65035,-149811,51316,17384,-257618,,,,,,,,
103,Accounting,Cash Flow Statement,Operating Activities,Inventory Asset,$,-71875,-22738,24146,12620,67855,30946,21147,18020,-2964,17339,12008,-33566,37432,-6425,2865,-928,69800,,,,,,,,
104,Accounting,Cash Flow Statement,Operating Activities,Other Current Asset,$,-22494,-7962,7647,-5809,8750,3044,27366,9690,-35633,-40253,-32529,71002,-11169,-5136,19800,-3616,-25992,,,,,,,,
105,Accounting,Cash Flow Statement,Operating Activities,Accounts Payable,$,-16381,33157,-20236,14600,-15004,16319,-16832,24184,-4766,-5005,16934,-2746,26137,-36202,58865,57708,125720,,,,,,,,
106,Accounting,Cash Flow Statement,Operating Activities,Sales Tax Payable,$,-54,35,96,80,1174,601,-2003,2940,-762,-114,-455,4156,-4362,-102,1669,-281,-2406,,,,,,,,
107,Accounting,Cash Flow Statement,Operating Activities,Other Current Liabilities,$,-5160,11140,10265,-29465,-19889,4788,14524,14029,18046,15675,-25884,5586,18907,8104,4636,-60540,-82516,,,,,,,,
108,Accounting,Cash Flow Statement,Operating Activities,Total Adjustments to Net Income,$,16367,-66276,-56081,-103512,-159483,-4599,-57005,150369,-91921,-78343,84379,146156,131982,-189572,139152,9727,-173013,,,,,,,,
109,Accounting,Cash Flow Statement,Operating Activities,Total Operating Activities,$,899334,-250369,-95849,-236285,-176158,-91064,-27083,155790,-110904,33377,-80052,-111652,-51853,-230552,41267,-173499,-415739,,,,,,,,
110,Accounting,Cash Flow Statement,Investing Activities,Fixed Asset,$,53175,53175,-36325,53175,56282,53796,34216,53961,53961,53961,53961,-65576,55090,55090,55090,55090,110181,,,,,,,,
111,Accounting,Cash Flow Statement,Investing Activities,Total Investing Activities,$,53175,53175,-36325,53175,56282,53796,34216,53961,53961,53961,53961,-65576,55090,55090,55090,55090,110181,,,,,,,,
112,Accounting,Cash Flow Statement,Financing Activities,Long Term Liabilities,$,-8508,-4938,-28560,-24987,-25534,-25264,-25799,-25463,-25604,-26169,-25850,-5640,-5328,-5364,-21262,-26209,-52937,,,,,,,,
113,Accounting,Cash Flow Statement,Financing Activities,Other Equity,$,0,0,0,0,0,0,0,0,0,0,0,0,0,0,0, -   ,0,,,,,,,,
114,Accounting,Cash Flow Statement,Cash,Total Financing Activities,$,-8508,-4938,-28560,-24987,-25534,-25264,-25799,-25463,-25604,-26169,-25850,-5640,-5328,-5364,-21262,-26209,-52937,,,,,,,,
115,Accounting,Cash Flow Statement,Cash,Net Change in Cash for Period,$,944000,-202132,-160735,-208097,-145409,-62531,-18665,184288,-82547,61169,-51941,-182868,-2090,-180826,75094,-144618,-358495,,,,,,,,
116,Accounting,Cash Flow Statement,Cash,Cash at Beginning of Period,$,958774,1902774,1700642,1539907,1331810,1186401,1123869,1105204,1289492,1206945,1268114,1216173,1033305,1031214,850389,926017,926017,,,,,,,,
117,Accounting,Cash Flow Statement,Cash,Cash at End of Period,$,1902774.3,1700642,1539907.2,1331809.8,1186400.5,1123869.4,1105204,1289491.5,1206944.7,1268113.9,1216173,1033304.6,1031214.4,850388.9,925483.3,781400,567522,,,,,,,,
118,Accounting,Balance Sheet,Assets,Bank,$,1902774,1700642,1539907,1331810,1186401,1123869,1105204,1289492,1206945,1268114,1216173,1033305,1031214,850389,925483,781400,567522,,,,,,,,
119,Accounting,Balance Sheet,Assets,Accounts Receivable,$,157237.15,237145.66,315144.16,410683.1,613052.22,673350.39,774557.36,693050.75,758893.08,824878.18,710574.05,608849.54,543814.07,693624.99,642308.68,624928.88,899931,,,,,,,,
120,Accounting,Balance Sheet,Assets,Other Current Assets,$,760718.19,791417.85,759625.42,752814.26,676208.94,642219,593706.45,565996.86,604593.48,627508.27,648028.43,610592.82,584329.19,595889.81,573223.97,577171.61,506318,,,,,,,,
121,Accounting,Balance Sheet,Assets,Total Current Assets,$,2820729.67,2729205.53,2614676.78,2495307.2,2475661.7,2439438.78,2473467.79,2548539.11,2570431.27,2720500.37,2574775.45,2252747,2159357.63,2139903.65,2141015.97,1983500.36,1973771,,,,,,,,
122,Accounting,Balance Sheet,Assets,Fixed Assets,$,6732453.27,6679278.53,6715603.78,6662429.04,6606146.61,6552350.34,6518134.5,6464173.68,6410212.86,6356252.04,6302291.22,6367867.71,6312777.3,6257686.89,6202596.48,6147506.07,6092416,,,,,,,,
123,Accounting,Balance Sheet,Assets,Total Assets,$,9553182.94,9408484.06,9330280.56,9157736.24,9081808.31,8991789.12,8991602.29,9012712.79,8980644.13,9076752.41,8877066.67,8620614.71,8472134.93,8397590.54,8343612.45,8131006,8066186,,,,,,,,
124,Accounting,Balance Sheet,Liabilities & Equity,Current Liabilities,$,163827.69,208159.81,198284.98,183500.42,149781.09,171489.82,167179,208333,220851,231407,222002,228998,269681,241481,306651,303480,347390,,,,,,,,
125,Accounting,Balance Sheet,Liabilities & Equity,Long Term Liabilities,$,2326424.36,2321486.22,2292926.11,2267938.9,2242404.98,2217141.11,2191342.5,2165879.5,2140275.6,2114106.5,2088256.5,2082616.6,2077288.7,2071925.1,2050662.6,2024453,1997726,,,,,,,,
126,Accounting,Balance Sheet,Liabilities & Equity,Equity,$,7062931,6878838,6839069,6706297,6689622,6603158,6633080,6638501,6619518,6731239,6566808,6309000,6125165,6084185,5986299,5803073,5721070,,,,,,,,
127,Accounting,Balance Sheet,Liabilities & Equity,Total Liabilities & Equity,$,9553182.94,9408484.06,9330280.56,9157736.24,9081808.31,8991789.12,8991602.3,9012712.8,8980644.1,9076752.4,8877066.7,8620614.7,8472134.9,8397590.5,8343612.5,8131006,8066186,,,,,,,,
128,Sales,Abrasive Sales,Overall Sales,Total Orders,Orders,62,60,65,80,81,74,73,96,92,110,93,79,124,111,186,166,1,,,,,,,,
129,Sales,Abrasive Sales,Overall Sales,Tons Sold,Tons,257.9,406.63,605.48,555.25,810.4,638.4,691.65,715.98,702.63,931.38,627.83,446.18,770.38,639.18,756.5,598.3,969,,,,,,,,
130,Sales,Abrasive Sales,Overall Sales,Product Revenue,$,142952.45,207255.4,325919.35,303527.9,452531.55,372642.7,416429.35,420093,421330.5,536073,360712.5,262536.3,454098.7,376910.2,447914.8,365100.3,609163,,,,,,,,
131,Sales,Abrasive Sales,Overall Sales,Tons/Order,Tons/Order,4.16,6.78,9.32,6.94,10.01,8.63,9.48,7.46,7.64,8.47,6.75,5.65,6.21,5.76,4.07,3.6,968.9,,,,,,,,
132,Sales,Abrasive Sales,Overall Sales,Revenue/Order,$/Order,2305.685,3454.257,5014.144,3794.099,5586.809,5035.712,5704.512,4375.969,4579.679,4873.391,3878.629,3323.244,3662.086,3395.587,2408.144,2199.399,609163,,,,,,,,
133,Sales,Abrasive Sales,Overall Sales,Average Price,$/lb,0.277,0.255,0.269,0.273,0.279,0.292,0.301,0.293,0.3,0.288,0.287,0.294,0.295,0.295,0.296,0.305,0.314,,,,,,,,
134,Sales,Abrasive Sales,Overall Sales,Average GM,$/lb,0.142,0.023,0.129,0.084,0.11,0.124,0.135,0.117,0.115,0.138,0.033,0.018,0.049,0.124,0.071,0.049,0.094,,,,,,,,
135,Sales,Abrasive Sales,Overall Sales,Average OM,$/lb,-0.162,-0.165,-0.007,-0.093,-0.001,-0.04,0.024,0.011,0.002,0.053,-0.121,-0.252,-0.104,-0.024,-0.054,0,-0.041,,,,,,,,
136,Sales,Abrasive Sales,Overall Sales,% Average GM,%,0.513386794,0.089986799,0.480391299,0.307122607,0.394587869,0.426157496,0,0,0,0,0,0,0,0,0,0,0.298,,,,,,,,
137,Sales,Abrasive Sales,Overall Sales,% Average OM,%,-1,-1,0,0,0,0,0,0,0,0,0,-1,0,0,0,-1,-0.13,,,,,,,,
138,Sales,Abrasive Sales,Online Sales,Online Orders,Orders,0,0,0,0,0,0,2,18,19,23,21,23,44,57,108,107,1,,,,,,,,
139,Sales,Abrasive Sales,Online Sales,Online Tons,Tons,0,0,0,0,0,0,2.05,2.325,1.05,3.25,2.9,4.025,5.05,5.5,12.05,12,17.8,,,,,,,,
140,Sales,Abrasive Sales,Online Sales,Online Revenue,$,1247,1347,381,862,429,80,1544,5442,2674,6420,5826,5528,9601,9223,20339,21124,29976,,,,,,,,
141,Sales,Abrasive Sales,Online Sales,Online Tons/Order,Tons/Order, -   , -   , -   , -   , -   , -   ,1,0.1,0.1,0.1,0.1,0.2,0.1,0.1,0.1,0,17.8,,,,,,,,
142,Sales,Abrasive Sales,Online Sales,Online Revenue/Order,$/Order,0,0,0,0,0,0,772,302,141,279,277,240,218,162,188,197,29976,,,,,,,,
143,Sales,Abrasive Sales,Online Sales,Online Avg Price,$/lb, -   , -   , -   , -   , -   , -   ,0.4,1.2,1.3,1,1,0.7,1,0.8,0.8,1,0.841,,,,,,,,
144,Sales,Abrasive Sales,Online Sales,Online Avg GM,$/lb,0,0,0,0,0,0,0,1,1,1,1,0,1,1,1,1,0.62,,,,,,,,
145,Sales,Abrasive Sales,Online Sales,Online Avg OM,$/lb,0,0,0,0,0,0,0.1,0.89,0.98,0.75,0.6,0.14,0.55,0.52,0.49,0.43,0.486,,,,,,,,
146,Sales,Abrasive Sales,Online Sales,% Online Avg GM,%,0,0,0,0,0,0,0.56,0.85,0.86,0.85,0.75,0.6,0.74,0.8,0.73,0.71,0.738,,,,,,,,
147,Sales,Abrasive Sales,Online Sales,% Online Avg OM,%,0,0,0,0,0,0,0.27,0.76,0.77,0.76,0.59,0.2,0.58,0.62,0.59,0.48,0.577,,,,,,,,
148,Sales,Abrasive Sales,Online Sales,% Online Orders,%,0,0,0,0,0,0,0.027,0.188,0.207,0.209,0.226,0.291,0.355,0.514,0.581,0.645,1,,,,,,,,
149,Sales,Abrasive Sales,Online Sales,% Online Revenue,%,0.009,0.006,0.001,0.003,0.001,0,0.004,0.013,0.006,0.012,0.016,0.021,0.021,0.024,0.045,0.058,0.049,,,,,,,,
150,Sales,Abrasive Sales,Online Sales,Online Repeat Orders,Orders,0,0,0,0,0,0,2,3,2,6,5,8,11,8,31,13,34,,,,,,,,
151,Sales,Abrasive Sales,Online Sales,Online Repeat Revenue,$,0,0,0,0,0,0,1543.9,1369,212,1144,4688,4116,5670,2053,7325.4,6400,11547,,,,,,,,
152,Sales,Abrasive Sales,Online Sales,% Online Repeat Orders,%, -   , -   , -   , -   , -   , -   ,1,0,0,0,0,0,0,0,0,0,34,,,,,,,,
153,Sales,Abrasive Sales,Online Sales,% Online Repeat Revenue,%,0,0,0,0,0,0,1,0,0,0,1,1,1,0,0,0,0.385,,,,,,,,
154,Sales,Abrasive Sales,Offline Sales,Offline Orders,Orders,62,60,65,80,81,74,71,79,73,87,73,56,80,54,78,59,1,,,,,,,,
155,Sales,Abrasive Sales,Offline Sales,Offline Tons,Tons,257.9,406.625,605.475,555.25,810.4,638.4,689.6,713.65,701.575,928.125,624.925,442.15,765.325,633.675,744.45,586,951.1,,,,,,,,
156,Sales,Abrasive Sales,Offline Sales,Offline Revenue,$,142952,207255,325919,303528,452532,372643,414885,414651,418657,529654,354887,257009,444498,367688,427576,343977,579187,,,,,,,,
157,Sales,Abrasive Sales,Offline Sales,Offline Tons/Order,Tons/Order,4.2,6.8,9.3,6.9,10,8.6,9.7,9,9.6,10.7,8.6,7.9,9.6,11.7,9.5,10,951.1,,,,,,,,
158,Sales,Abrasive Sales,Offline Sales,Offline Revenue/Order,$/Order,2306,3454,5014,3794,5587,5036,5843,5249,5735,6088,4861,4589,5556,6809,5482,5830,579187,,,,,,,,
159,Sales,Abrasive Sales,Offline Sales,Offline Avg Price,$/lb,0.3,0.3,0.3,0.3,0.3,0.3,0.3,0.3,0.3,0.3,0.3,0.3,0.3,0.3,0.3,0,0.304,,,,,,,,
160,Sales,Abrasive Sales,Offline Sales,Offline Avg GM,$/lb,0,0,0,0,0,0,0,0,0,0,0,0,0,0,0,0,0.084,,,,,,,,
161,Sales,Abrasive Sales,Offline Sales,Offline Avg OM,$/lb,-0.16,-0.17,-0.01,-0.09,0,-0.04,0.02,0.01,0,0.05,-0.12,-0.26,-0.11,-0.03,-0.06,-0.17,-0.051,,,,,,,,
162,Sales,Abrasive Sales,Offline Sales,% Offline Avg GM,%,0.51,0.09,0.48,0.31,0.4,0.43,0.45,0.39,0.38,0.47,0.1,0.05,0.16,0.41,0.22,0.13,0.276,,,,,,,,
163,Sales,Abrasive Sales,Offline Sales,% Offline Avg OM,%,-0.58,-0.65,-0.03,-0.34,0,-0.14,0.08,0.03,0,0.18,-0.44,-0.88,-0.37,-0.1,-0.22,-0.57,-0.167,,,,,,,,
164,Sales,Abrasive Sales,Offline Sales,% Offline Orders,%,1,1,1,1,1,1,0.973,0.823,0.793,0.791,0.785,0.709,0.645,0.486,0.419,0.355,1,,,,,,,,
165,Sales,Abrasive Sales,Offline Sales,% Offline Revenue,%,1,1,1,1,1,1,0.996,0.987,0.994,0.988,0.984,0.979,0.979,0.976,0.955,0.942,0.951,,,,,,,,
166,Sales,Abrasive Sales,Offline Sales,Offline First Orders,Orders,10,11,8,15,13,4,4,8,6,7,9,5,7,6,14,7,14,,,,,,,,
167,Sales,Abrasive Sales,Offline Sales,Offline First Revenue,$,671.45,1923,4841.2,2801.4,18399.65,15531.95,782.9,5347,19859,18763,7062,2930,2059,3211,10873,19152,4704,,,,,,,,
168,Sales,Abrasive Sales,Offline Sales,% Offline First Orders,%,0,0,0,0,0,0,0,0,0,0,0,0,0,0,0,0,14,,,,,,,,
169,Sales,Abrasive Sales,Offline Sales,% Offline First Revenue,%,0,0,0,0,0,0,0,0,0,0,0,0,0,0,0,0,0.008,,,,,,,,
170,Sales,Abrasive Sales,New Sales,First Orders,Orders,10,10,8,14,13,4,4,21,22,24,24,20,38,53,89,100,1,,,,,,,,
171,Sales,Abrasive Sales,New Sales,First Tons,Tons,0.4,2.3,6.4,2.4,24.5,24,0.8,8.1,26.1,28.1,8.8,4.4,4.1,8.3,21,37,13.1,,,,,,,,
172,Sales,Abrasive Sales,New Sales,First Revenue,$,671,1923,4841,2801,18400,15532,783,9420,22321,24039,8200,4342,5990,10381,23887,33876,23133,,,,,,,,
173,Sales,Abrasive Sales,New Sales,First Tons/Order,Tons/Order,0.04,0.23,0.8,0.17,1.89,6.01,0.21,0.39,1.19,1.17,0.37,0.22,0.11,0.16,0.24,0.37,13.1,,,,,,,,
174,Sales,Abrasive Sales,New Sales,First Revenue/Order,$/Order,67.15,192.3,605.15,200.1,1415.36,3882.99,195.73,448.57,1014.59,1001.6,341.67,217.09,157.63,195.86,268.39,338.76,23133,,,,,,,,
175,Sales,Abrasive Sales,New Sales,First Avg Price,$/lb,0.9,0.41,0.38,0.6,0.38,0.32,0.47,0.58,0.43,0.43,0.47,0.5,0.73,0.62,0.57,0.45,0.881,,,,,,,,
176,Sales,Abrasive Sales,New Sales,First Avg GM,$/lb,0.76,0.182,0.237,0.407,0.206,0.156,0.308,0.407,0.243,0.278,0.21,0.223,0.481,0.453,0.345,0.198,0.661,,,,,,,,
177,Sales,Abrasive Sales,New Sales,First Avg OM,$/lb,0.456,-0.006,0.101,0.23,0.095,-0.009,0.198,0.301,0.131,0.194,0.056,-0.047,0.327,0.305,0.219,-0.005,0.526,,,,,,,,
178,Sales,Abrasive Sales,New Sales,% First Avg GM,%,0.849,0.439,0.629,0.682,0.55,0.482,0.649,0.698,0.569,0.65,0.452,0.447,0.662,0.726,0.605,0.437,0.75,,,,,,,,
179,Sales,Abrasive Sales,New Sales,% First Avg OM,%,0.51,-0.015,0.267,0.385,0.254,-0.027,0.417,0.517,0.305,0.452,0.121,-0.095,0.451,0.489,0.385,0,0.597,,,,,,,,
180,Sales,Abrasive Sales,New Sales,% First Orders,%,0,0,0,0,0,0,0,0,0,0,0,0,0,0,0,1,1,,,,,,,,
181,Sales,Abrasive Sales,New Sales,% First Revenue,%,0,0,0,0,0,0,0,0,0,0,0,0,0,0,0,0,0.038,,,,,,,,
182,Sales,Abrasive Sales,Repeat Sales,Repeat Orders,Orders,52,50,57,66,68,70,69,75,70,86,69,59,86,58,97,66,1,,,,,,,,
183,Sales,Abrasive Sales,Repeat Sales,Repeat Tons,Tons,257.5,404.3,599.1,552.9,785.9,614.4,690.8,707.9,676.6,903.3,619,441.8,766.3,630.9,735.5,561,956,,,,,,,,
184,Sales,Abrasive Sales,Repeat Sales,Repeat Revenue,$,142281,205332,321078,300727,434132,357111,415646,410673,399010,512035,352513,258195,448109,366530,424028,331224,586030,,,,,,,,
185,Sales,Abrasive Sales,Repeat Sales,Repeat Tons/Order,Tons/Order,4.95,8.09,10.51,8.38,11.56,8.78,10.01,9.44,9.67,10.5,8.97,7.49,8.91,10.88,7.58,8.5,955.8,,,,,,,,
186,Sales,Abrasive Sales,Repeat Sales,Repeat Revenue/Order,$/Order,2736.17,4106.65,5632.95,4556.46,6384.29,5101.58,6023.86,5475.64,5700.14,5953.89,5108.88,4376.18,5210.57,6319.47,4371.42,5018.55,586030,,,,,,,,
187,Sales,Abrasive Sales,Repeat Sales,Repeat Avg Price,$/lb,0.28,0.25,0.27,0.27,0.28,0.29,0.3,0.29,0.3,0.28,0.29,0.29,0.29,0.29,0.29,0.3,0.307,,,,,,,,
188,Sales,Abrasive Sales,Repeat Sales,Repeat Avg GM,$/lb,0.141,0.022,0.128,0.083,0.107,0.123,0.134,0.114,0.11,0.133,0.03,0.016,0.047,0.12,0.064,0.039,0.086,,,,,,,,
189,Sales,Abrasive Sales,Repeat Sales,Repeat Avg OM,$/lb,-0.163,-0.166,-0.008,-0.094,-0.004,-0.041,0.024,0.008,-0.002,0.049,-0.124,-0.254,-0.106,-0.028,-0.062,-0.165,-0.049,,,,,,,,
190,Sales,Abrasive Sales,Repeat Sales,% Repeat Avg GM,%,0.512,0.087,0.478,0.304,0.388,0.424,0.446,0.393,0.374,0.471,0.107,0.055,0.161,0.412,0.221,0.133,0.28,,,,,,,,
191,Sales,Abrasive Sales,Repeat Sales,% Repeat Avg OM,%,-0.589,-0.652,-0.03,-0.347,-0.014,-0.142,0.08,0.028,-0.008,0.172,-0.434,-0.87,-0.363,-0.097,-0.215,-1,-0.159,,,,,,,,
192,Sales,Abrasive Sales,Repeat Sales,% Repeat Orders,%,1,1,1,1,1,1,1,1,1,1,1,1,1,1,1,0,1,,,,,,,,
193,Sales,Abrasive Sales,Repeat Sales,% Repeat Revenue,%,1,1,1,1,1,1,1,1,1,1,1,1,1,1,1,1,0.962,,,,,,,,
194,Sales,Abrasive Sales,Distributor Sales,Distributor Orders,Orders,31,28,36,43,52,49,39,50,37,52,47,36,49,33,36,39,1,,,,,,,,
195,Sales,Abrasive Sales,Distributor Sales,Distributor Tons,Tons,160.8,298.7,474.6,428.1,603.6,380.7,444.2,458.3,367.1,514.8,347.5,182.2,566.5,415.2,435.3,392,491,,,,,,,,
196,Sales,Abrasive Sales,Distributor Sales,Distributor Revenue,$,84428,141383,242653,225088,319412,215091,266511,255744,209179,282908,188424,105426,326413,229727,240574,225533,280704,,,,,,,,
197,Sales,Abrasive Sales,Distributor Sales,Distributor Tons/Order,Tons/Order,5.19,10.67,13.18,9.96,11.61,7.77,11.39,9.17,9.92,9.9,7.39,5.06,11.56,12.58,12.09,10.06,490.9,,,,,,,,
198,Sales,Abrasive Sales,Distributor Sales,Distributor Revenue/Order,$/Order,2723.47,5049.39,6740.36,5234.59,6142.54,4389.61,6833.62,5114.88,5653.47,5440.53,4009.01,2928.49,6661.49,6961.41,6682.6,5782.9,280704,,,,,,,,
199,Sales,Abrasive Sales,Distributor Sales,Distributor Avg Price,$/lb,0.26,0.24,0.26,0.26,0.27,0.28,0.3,0.28,0.29,0.28,0.27,0.29,0.29,0.28,0.28,0.29,0.286,,,,,,,,
200,Sales,Abrasive Sales,Distributor Sales,Distributor Avg GM,$/lb,0.128,0.005,0.116,0.073,0.096,0.115,0.133,0.103,0.1,0.125,0.017,0.013,0.043,0.106,0.052,0.032,0.065,,,,,,,,
201,Sales,Abrasive Sales,Distributor Sales,Distributor Avg OM,$/lb,-0.176,-0.183,-0.02,-0.104,-0.015,-0.049,0.023,-0.003,-0.012,0.04,-0.137,-0.257,-0.111,-0.042,-0.074,-0.172,-0.069,,,,,,,,
202,Sales,Abrasive Sales,Distributor Sales,% Distributor Avg GM,%,0.486,0.02,0.453,0.28,0.361,0.407,0.445,0.369,0.352,0.454,0.062,0.046,0.148,0.382,0.187,0.11,0.229,,,,,,,,
203,Sales,Abrasive Sales,Distributor Sales,% Distributor Avg OM,%,-0.672,-0.773,-0.08,-0.394,-0.058,-0.175,0.077,-0.01,-0.044,0.146,-0.506,-0.888,-0.384,-0.152,-0.267,-1,-0.243,,,,,,,,
204,Sales,Abrasive Sales,Distributor Sales,% Distributor Orders,%,1,0,1,1,1,1,1,1,0,0,1,0,0,0,0,0,1,,,,,,,,
205,Sales,Abrasive Sales,Distributor Sales,% Distributor Revenue,%,1,1,1,1,1,1,1,1,0,1,1,0,1,1,1,1,0.461,,,,,,,,
206,Sales,Abrasive Sales,Large Direct Sales,Large Direct Orders,Orders,2,2,4,3,6,9,9,10,13,17,9,9,8,9,12,8,1,,,,,,,,
207,Sales,Abrasive Sales,Large Direct Sales,Large Direct Tons,Tons,72,72,96,72,160,248,230,228,294,384,248,248,184,204,272,183,400,,,,,,,,
208,Sales,Abrasive Sales,Large Direct Sales,Large Direct Revenue,$,40320,40320,53760,40320,101480,149880,135400,137800,179600,222916,145172,142048,104624,125988,157820,107076,250928,,,,,,,,
209,Sales,Abrasive Sales,Large Direct Sales,Large Direct Tons/Order,Tons/Order,36,36,24,24,26.67,27.56,25.56,22.8,22.62,22.59,27.56,27.56,23,22.67,22.67,22.88,400,,,,,,,,
210,Sales,Abrasive Sales,Large Direct Sales,Large Direct Revenue/Order,$/Order,20160,20160,13440,13440,16913.33,16653.33,15044.44,13780,13815.39,13112.71,16130.22,15783.11,13078,13998.67,13151.67,13384.5,250928,,,,,,,,
211,Sales,Abrasive Sales,Large Direct Sales,Large Direct Avg Price,$/lb,0.28,0.28,0.28,0.28,0.32,0.3,0.29,0.3,0.31,0.29,0.29,0.29,0.28,0.31,0.29,0.29,0.314,,,,,,,,
212,Sales,Abrasive Sales,Large Direct Sales,Large Direct Avg GM,$/lb,0.145,0.048,0.14,0.091,0.148,0.135,0.128,0.126,0.121,0.14,0.038,0.01,0.039,0.138,0.065,0.037,0.093,,,,,,,,
213,Sales,Abrasive Sales,Large Direct Sales,Large Direct Avg OM,$/lb,-0.159,-0.14,0.004,-0.086,0.037,-0.03,0.018,0.02,0.008,0.056,-0.116,-0.26,-0.114,-0.01,-0.06,-0.167,-0.042,,,,,,,,
214,Sales,Abrasive Sales,Large Direct Sales,% Large Direct Avg GM,%,0.518,0.172,0.501,0.324,0.467,0.446,0.434,0.417,0.395,0.483,0.131,0.036,0.137,0.447,0.226,0.125,0.297,,,,,,,,
215,Sales,Abrasive Sales,Large Direct Sales,% Large Direct Avg OM,%,-0.567,-0.499,0.014,-0.309,0.117,-0.099,0.06,0.067,0.026,0.192,-0.395,-0.908,-0.402,-0.032,-0.207,-1,-0.133,,,,,,,,  
216,Sales,Abrasive Sales,Large Direct Sales,% Large Direct Orders,%,0,0,0,0,0,0,0,0,0,0,0,0,0,0,0,0,1,,,,,,,,  
217,Sales,Abrasive Sales,Large Direct Sales,% Large Direct Revenue,%,0.3,0.2,0.2,0.1,0.2,0.4,0.3,0.3,0.4,0.4,0.4,0.5,0.2,0.3,0,0,0.412,,,,,,,,
218,Sales,Abrasive Sales,Medium Direct Sales,Medium Direct Orders,Orders,8,9,11,12,9,6,8,10,12,13,12,8,11,8,26,14,1,,,,,,,,  
219,Sales,Abrasive Sales,Medium Direct Sales,Medium Direct Tons,Tons,23,34,33,53,45,7.25,15,24,37,30,31,14,16,16,41,19,69,,,,,,,,
220,Sales,Abrasive Sales,Medium Direct Sales,Medium Direct Revenue,$,15680,23100,27520,35440,29520,5140,12000,19285,27364,25908,24870,11501,16686,14241,34909,22288,59737,,,,,,,,
221,Sales,Abrasive Sales,Medium Direct Sales,Medium Direct Tons/Order,Tons/Order,2.88,3.78,3,4.42,5,1.21,1.88,2.4,3.08,2.31,2.58,1.75,1.46,2,1.58,1.36,69,,,,,,,,
222,Sales,Abrasive Sales,Medium Direct Sales,Medium Direct Revenue/Order,$/Order,1960,2566.67,2501.82,2953.33,3280,856.67,1500,1928.5,2280.33,1992.92,2072.5,1437.63,1516.91,1780.13,1342.65,1592,59737,,,,,,,,
223,Sales,Abrasive Sales,Medium Direct Sales,Medium Direct Avg Price,$/lb,0.34,0.34,0.42,0.33,0.33,0.35,0.4,0.4,0.37,0.43,0.4,0.41,0.52,0.45,0.43,0.59,0.433,,,,,,,,
224,Sales,Abrasive Sales,Medium Direct Sales,Medium Direct Avg GM,$/lb,0.206,0.108,0.277,0.145,0.159,0.187,0.233,0.226,0.185,0.282,0.147,0.135,0.276,0.274,0.201,0.331,0.212,,,,,,,,
225,Sales,Abrasive Sales,Medium Direct Sales,Medium Direct Avg OM,$/lb,-0.098,-0.08,0.141,-0.032,0.048,0.023,0.123,0.12,0.072,0.197,-0.007,-0.136,0.123,0.126,0.075,0.127,0.078,,,,,,,,
226,Sales,Abrasive Sales,Medium Direct Sales,% Medium Direct Avg GM,%,0.604,0.317,0.665,0.434,0.485,0.528,0.584,0.562,0.501,0.653,0.366,0.328,0.529,0.616,0.472,0.564,0.49,,,,,,,,
227,Sales,Abrasive Sales,Medium Direct Sales,% Medium Direct Avg OM,%,-0.288,-0.235,0.338,-0.096,0.146,0.063,0.308,0.298,0.196,0.457,-0.018,-0.33,0.236,0.284,0.177,0,0.179,,,,,,,,
228,Sales,Abrasive Sales,Medium Direct Sales,% Medium Direct Orders,%,0,0,0,0,0,0,0,0,0,0,0,0,0,0,0,0,1,,,,,,,,
229,Sales,Abrasive Sales,Medium Direct Sales,% Medium Direct Revenue,%,0,0,0,0,0,0,0,0,0,0,0,0,0,0,0,0,0.098,,,,,,,,
230,Sales,Abrasive Sales,Small Direct Sales,Small Direct Orders,Orders,21,21,14,22,14,10,17,26,30,29,25,26,56,62,116,106,1,,,,,,,,
231,Sales,Abrasive Sales,Small Direct Sales,Small Direct Tons,Tons,2.1,2,1.9,2.1,1.8,2.5,2.5,5.7,4.6,2.6,1.4,2,3.9,4,8.2,4,9,,,,,,,,
232,Sales,Abrasive Sales,Small Direct Sales,Small Direct Revenue,$,2525,2452,1986,2680,2120,2532,2518,7264,5188,4342,2247,3562,6376,6955,14612,10203,17795,,,,,,,,
233,Sales,Abrasive Sales,Small Direct Sales,Small Direct Tons/Order,Tons/Order,0.1,0.09,0.14,0.1,0.13,0.25,0.15,0.22,0.15,0.09,0.05,0.08,0.07,0.06,0.07,0.04,9.1,,,,,,,,
234,Sales,Abrasive Sales,Small Direct Sales,Small Direct Revenue/Order,$/Order,120.24,116.78,141.88,121.84,151.4,253.17,148.14,279.39,172.93,149.71,89.88,136.99,113.85,112.17,125.97,96.26,17795,,,,,,,,
235,Sales,Abrasive Sales,Small Direct Sales,Small Direct Avg Price,$/lb,0.6,0.62,0.52,0.63,0.6,0.51,0.5,0.63,0.57,0.84,0.83,0.89,0.82,0.88,0.89,1.23,0.983,,,,,,,,
236,Sales,Abrasive Sales,Small Direct Sales,Small Direct Avg GM,$/lb,0.466,0.389,0.376,0.441,0.428,0.339,0.337,0.458,0.385,0.685,0.578,0.614,0.572,0.704,0.666,0.973,0.763,,,,,,,,
237,Sales,Abrasive Sales,Small Direct Sales,Small Direct Avg OM,$/lb,0.162,0.201,0.24,0.264,0.317,0.174,0.227,0.353,0.273,0.6,0.424,0.344,0.419,0.556,0.541,0.77,0.628,,,,,,,,
238,Sales,Abrasive Sales,Small Direct Sales,% Small Direct Avg GM,%,0.776,0.626,0.729,0.7,0.717,0.669,0.669,0.722,0.676,0.82,0.694,0.69,0.7,0.805,0.748,0.792,0.776,,,,,,,,
239,Sales,Abrasive Sales,Small Direct Sales,% Small Direct Avg OM,%,0.27,0.324,0.465,0.419,0.531,0.344,0.45,0.556,0.478,0.719,0.509,0.386,0.512,0.636,0.607,0.626,0.639,,,,,,,,
240,Sales,Abrasive Sales,Small Direct Sales,% Small Direct Orders,%,0.339,0.35,0.215,0.275,0.173,0.135,0.233,0.271,0.326,0.264,0.269,0.329,0.452,0.559,0.624,1,1,,,,,,,,
241,Sales,Abrasive Sales,Small Direct Sales,% Small Direct Revenue,%,0,0,0,0,0,0,0,0,0,0,0,0,0,0,0,0,0.029,,,,,,,,
242,Sales,Abrasive Sales,KinetiX Sales,KX Orders,Orders,22,30,33,39,45,46,39,61,48,53,52,38,39,37,54,50,1,,,,,,,,
243,Sales,Abrasive Sales,KinetiX Sales,KX Tons,Tons,143,290,308,347,513,465,454,542,533,595,503,351,393,420,298,261,561,,,,,,,,
244,Sales,Abrasive Sales,KinetiX Sales,KX Revenue,$,73621,147229,154236,186357,269512,259570,249708,305238,302839,334383,279210,198215,207412,238023,170191,155484,320092,,,,,,,,
245,Sales,Abrasive Sales,KinetiX Sales,KX Tons/Order,Tons/Order,6,10,9,9,11,10,12,9,11,11,10,9,10,11,6,5,561.4,,,,,,,,
246,Sales,Abrasive Sales,KinetiX Sales,KX Revenue/Order,$/Order,3346,4908,4674,4778,5989,5643,6403,5004,6309,6309,5369,5216,5318,6433,3152,3110,320092,,,,,,,,
247,Sales,Abrasive Sales,KinetiX Sales,KX Avg Price,$/lb,0,0,0,0,0,0,0,0,0,0,0,0,0,0,0,0,0.285,,,,,,,,
248,Sales,Abrasive Sales,KinetiX Sales,KX Avg GM,$/lb,0,0,0,0,0,0,0,0,0,0,0,0,0,0,0,0,0.065,,,,,,,,
249,Sales,Abrasive Sales,KinetiX Sales,KX Avg OM,$/lb,0,0,0,0,0,0,0,0,0,0,0,0,0,0,0,0,-0.07,,,,,,,,
250,Sales,Abrasive Sales,KinetiX Sales,% KX Avg GM,%,0,0,0,0,0,0,0,0,0,0,0,0,0,0,0,0,0.226,,,,,,,,
251,Sales,Abrasive Sales,KinetiX Sales,% KX Avg OM,%,-1,-1,0,0,0,0,0,0,0,0,0,-1,-1,0,0,-1,-0.246,,,,,,,,
252,Sales,Abrasive Sales,KinetiX Sales,% KX Orders,%,0.4,0.5,0.5,0.5,0.6,0.6,0.5,0.6,0.5,0.5,0.6,0.5,0.3,0.3,0.3,0,1,,,,,,,,
253,Sales,Abrasive Sales,KinetiX Sales,% KX Tons,%,1,1,1,1,1,1,1,1,1,1,1,1,1,1,0,0,0.579,,,,,,,,
254,Sales,Abrasive Sales,KinetiX Sales,% KX Revenue,%,0.52,0.71,0.47,0.61,0.6,0.7,0.6,0.73,0.72,0.62,0.77,0.76,0.46,0.63,0.38,0.43,0.525,,,,,,,,
255,Sales,Abrasive Sales,KinetiX Sales,KX Distributor Revenue,$,61486,127628,140813,156122,228374,144762,173748,205304,169848,163911,158826,90408,150828,140572,70814,78306,150116,,,,,,,,
256,Sales,Abrasive Sales,KinetiX Sales,KX Large Direct Revenue,$,0,0,0,0,13640,109560,68200,84040,109120,155716,104852,101728,50864,85668,79420,66756,127160,,,,,,,,
257,Sales,Abrasive Sales,KinetiX Sales,KX Medium Direct Revenue,$,11980,19260,12840,30040,27300,4420,6700,12620,22444,13960,15180,5384,5196,10246,16434,10293,39450,,,,,,,,
258,Sales,Abrasive Sales,KinetiX Sales,KX Small Direct Revenue,$,155,340.5,583,195,198,828,1060,3274,1427,796,352,694.8,524,1537,3522.8,128.5,3366,,,,,,,,
259,Sales,Abrasive Sales,KinetiX Sales,KX Online Revenue,$,0,0,0,0,0,0,1440,160,64,224,1160,572.8,1056,2865,2929.8,5446,5044,,,,,,,,
260,Sales,Abrasive Sales,KinetiX Sales,KX Offline Revenue,$,73621,147228.5,154236,186357,269512,259570,248268,305078,302775,334159,278050,197642,206356,235158,167261,150037.5,315048,,,,,,,,
261,Sales,Abrasive Sales,KinetiX Sales,KX First Revenue,$,0,1355.5,4220,0,198,14760,360,2392,1728,16421,2448,2516.8,1152,5705,7843,21739,4896,,,,,,,,
262,Sales,Abrasive Sales,KinetiX Sales,KX Repeat Revenue,$,73621,145873,150016,186357,269314,244810,249348,302846,301111,317962,276762,195698,206260,232318,162348,133745,315196,,,,,,,,
263,Sales,Abrasive Sales,DynamiX Sales,DX Orders,Orders,5,4,14,11,12,7,5,12,10,17,9,8,17,11,30,22,1,,,,,,,,
264,Sales,Abrasive Sales,DynamiX Sales,DX Tons,Tons,87,105,241,193,278,132,142,139,121,295,100,76,252,184,411,315,359,,,,,,,,
265,Sales,Abrasive Sales,DynamiX Sales,DX Revenue,$,47160,49620,124860,101804,164000,74230,78860,78853,72537,158420,56130,43637,136541,101032,224668,179989,229780,,,,,,,,
266,Sales,Abrasive Sales,DynamiX Sales,DX Tons/Order,Tons/Order,17,26,17,18,23,19,28,12,12,17,11,10,15,17,14,14,358.7,,,,,,,,
267,Sales,Abrasive Sales,DynamiX Sales,DX Revenue/Order,$/Order,9432,12405,8919,9255,13667,10604,15772,6571,7254,9319,6237,5455,8032,9185,7489,8181,229780,,,,,,,,
268,Sales,Abrasive Sales,DynamiX Sales,DX Avg Price,$/lb,0,0,0,0,0,0,0,0,0,0,0,0,0,0,0,0,0.32,,,,,,,,
269,Sales,Abrasive Sales,DynamiX Sales,DX Avg GM,$/lb,0,0,0,0,0,0,0,0,0,0,0,0,0,0,0,0,0.1,,,,,,,,
270,Sales,Abrasive Sales,DynamiX Sales,DX Avg OM,$/lb,0,0,0,0,0,0,0,0,0,0,0,0,0,0,0,0,-0.035,,,,,,,,
271,Sales,Abrasive Sales,DynamiX Sales,% DX Avg GM,%,1,0,0,0,0,0,0,0,0,0,0,0,0,0,0,0,0.311,,,,,,,,
272,Sales,Abrasive Sales,DynamiX Sales,% DX Avg OM,%,-1,-1,0,0,0,0,0,0,0,0,0,-1,0,0,0,-1,-0.109,,,,,,,,
273,Sales,Abrasive Sales,DynamiX Sales,% DX Orders,%,0.1,0.1,0.2,0.1,0.1,0.1,0.1,0.1,0.1,0.2,0.1,0.1,0.1,0.1,0.2,0,1,,,,,,,,
274,Sales,Abrasive Sales,DynamiX Sales,% DX Tons,%,0,0,0,0,0,0,0,0,0,0,0,0,0,0,1,1,0.37,,,,,,,,
275,Sales,Abrasive Sales,DynamiX Sales,% DX Revenue,%,0.33,0.24,0.38,0.34,0.36,0.2,0.19,0.19,0.17,0.3,0.16,0.17,0.3,0.27,0.5,0.49,0.377,,,,,,,,
276,Sales,Abrasive Sales,DynamiX Sales,DX Distributor Revenue,$,6840,9300,71100,61104,76160,33190,11660,24120,0,91150,11660,0,81772.5,60500,141240,138600,101640,,,,,,,,
277,Sales,Abrasive Sales,DynamiX Sales,DX Large Direct Revenue,$,40320,40320,53760,40320,87840,40320,67200,53760,70480,67200,40320,40320,53760,40320,78400,40320,123768,,,,,,,,
278,Sales,Abrasive Sales,DynamiX Sales,DX Medium Direct Revenue,$,0,0,0,0,0,720,0,760,1240,0,4010,3177,760,0,3960,0,2835,,,,,,,,
279,Sales,Abrasive Sales,DynamiX Sales,DX Small Direct Revenue,$,0,0,0,380,0,0,0,213,817,70,140,140,248,212,1068,1069,1537,,,,,,,,
280,Sales,Abrasive Sales,DynamiX Sales,DX Online Revenue,$,0,0,0,0,0,0,0,140,350,70,140,1037,210,212,742,583,4107,,,,,,,,
281,Sales,Abrasive Sales,DynamiX Sales,DX Offline Revenue,$,47160,49620,124860,101804,164000,74230,78860,78713,72187,158350,55990,42600,136330.5,100820,223926,179406,225673,,,,,,,,
282,Sales,Abrasive Sales,DynamiX Sales,DX First Revenue,$,0,0,0,0,15840,720,0,935,17127,680,2420,105,70,106,1374,583,1272,,,,,,,,
283,Sales,Abrasive Sales,DynamiX Sales,DX Repeat Revenue,$,47160,49620,124860,101804,148160,73510,78860,77918,55410,157740,53710,43532,136471,100926,223294,179406,228508,,,,,,,,
284,Sales,Abrasive Sales,EpiX Sales,EX Orders,Orders,37,26,21,33,24,21,30,31,35,44,36,33,74,68,109,97,1,,,,,,,,
285,Sales,Abrasive Sales,EpiX Sales,EX Tons,Tons,28,12,56,16,20,42,96,36,48,42,24,19,126,35,47,22,49,,,,,,,,
286,Sales,Abrasive Sales,EpiX Sales,EX Revenue,$,22171,10407,46823,15367,19020,38843,87861,36002,45955,43270,25373,20685,110146,37855,53056,29628,59291,,,,,,,,
287,Sales,Abrasive Sales,EpiX Sales,EX Tons/Order,Tons/Order,1,0,3,0,1,2,3,1,1,1,1,1,2,1,0,0,48.8,,,,,,,,
288,Sales,Abrasive Sales,EpiX Sales,EX Revenue/Order,$/Order,599,400,2230,466,792,1850,2929,1161,1313,983,705,627,1488,557,487,305,59291,,,,,,,,
289,Sales,Abrasive Sales,EpiX Sales,EX Avg Price,$/lb,0,0,0,0,0,0,0,1,0,1,1,1,0,1,1,1,0.607,,,,,,,,
290,Sales,Abrasive Sales,EpiX Sales,EX Avg GM,$/lb,0,0,0,0,0,0,0,0,0,0,0,0,0,0,0,0,0.387,,,,,,,,
291,Sales,Abrasive Sales,EpiX Sales,EX Avg OM,$/lb,0,0,0,0,0,0,0,0,0,0,0,0,0,0,0,0,0.252,,,,,,,,
292,Sales,Abrasive Sales,EpiX Sales,% EX Avg GM,%,1,0,1,1,1,1,1,1,1,1,1,0,0,1,1,1,0.637,,,,,,,,
293,Sales,Abrasive Sales,EpiX Sales,% EX Avg OM,%,0,0,0,0,0,0,0,0,0,1,0,0,0,0,0,0,0.415,,,,,,,,
294,Sales,Abrasive Sales,EpiX Sales,% EX Orders,%,1,0,0,0,0,0,0,0,0,0,0,0,1,1,1,1,1,,,,,,,,
295,Sales,Abrasive Sales,EpiX Sales,% EX Tons,%,0,0,0,0,0,0,0,0,0,0,0,0,0,0,0,0,0.05,,,,,,,,
296,Sales,Abrasive Sales,EpiX Sales,% EX Revenue,%,0,0,0,0,0,0,0,0,0,0,0,0,0,0,0,0,0.097,,,,,,,,
297,Sales,Abrasive Sales,EpiX Sales,EX Distributor Revenue,$,16102,4455,30740,7862,14878,37139,81103,26320,39331,27847,17938,15018,93812,28655,28520,8627,28948,,,,,,,,
298,Sales,Abrasive Sales,EpiX Sales,EX Large Direct Revenue,$,0,0,0,0,0,0,0,0,0,0,0,0,0,0,0,0,0,,,,,,,,
299,Sales,Abrasive Sales,EpiX Sales,EX Medium Direct Revenue,$,3700,3840,14680,5400,2220,0,5300,5905,3680,11948,5680,2940,10730,3995,14515,11995,17452,,,,,,,,
300,Sales,Abrasive Sales,EpiX Sales,EX Small Direct Revenue,$,2369.95,2111.9,1403.35,2105.4,1921.55,1703.7,1458.35,3777,2944,3475.5,1755,2727,5603.8,5205.7,10021.5,9005.8,12892,,,,,,,,
301,Sales,Abrasive Sales,EpiX Sales,EX Online Revenue,$,0,0,0,0,0,0,103.9,5142,2260,6125.5,4526,3918,8334.8,6145.7,16667.5,15094.8,20825,,,,,,,,
302,Sales,Abrasive Sales,EpiX Sales,EX Offline Revenue,$,22171.45,10406.9,46823.35,15366.9,19019.55,38842.7,87757.45,30860,43694.5,37144.5,20846.5,16766.5,101811.4,31709.5,36388.5,14533,38466,,,,,,,,
303,Sales,Abrasive Sales,EpiX Sales,EX First Revenue,$,671.45,567.5,621.2,2801.4,2361.65,51.95,422.9,6093,3466,6937.5,3332,1720,4767.8,4569.7,14669.9,11553.9,16965,,,,,,,,
304,Sales,Abrasive Sales,EpiX Sales,EX Repeat Revenue,$,21500,9839.4,46202.15,12565.5,16657.9,38790.75,87438.45,29909,42488.5,36332.5,22040.5,18964.5,105378.4,33285.5,38386.1,18073.9,42326,,,,,,,,
305,Costs,Sales,Sales Expenses,Allredi CA,$,1042.77,0,0,0,0,1895.71,0,0,0,1573.98,0,0,0,497.17,661.74,119.11,0,,,,,,,,
306,Costs,Sales,Sales Expenses,Allredi US,$,3150.15,-224.87,0,1084.4,1039.24,0,76.09,1816.37,4787.27,887.41,2784.41,0,0,0,0,185.22,464,,,,,,,,
307,Costs,Sales,Sales Expenses,BTNW,$,0,0,1197,0,3930,0,0,0,0,0,882,0,0,0,0,0,0,,,,,,,,
308,Costs,Sales,Sales Expenses,Canoa,$,2425,6553,60,2096,1918,235,0,10,3,0,5,0,0,0,54,1277,2015,,,,,,,,
309,Costs,Sales,Sales Expenses,PPG,$,0,0,0,0,0,0,629,366,908,0,0,1595,219,0,0,0,0,,,,,,,,
310,Costs,Sales,Sales Expenses,Distributor Sales Expenses,$,6618,6328,1257,3180,6888,2131,705,2192,5699,2461,3672,1595,219,497,716,1581,2479,,,,,,,,
311,Costs,Sales,Sales Expenses,Direct Sales Expenses,$,1716,2708,2891,0,514,0,2415,0,1650,1858,1932,3242,3685,2748,1154,330,16,,,,,,,,
312,Costs,Sales,Sales Expenses,Sales Coaching Expenses,$,0,0,13278,15653,13168,20559,12374,17436,16660,21342,17438,9533,5915,7962,8272,7858,6307,,,,,,,,
313,Costs,Sales,Sales Expenses,Total Sales Expenses,$,8334,9035,17425,18833,20569,22690,15494,19628,24009,25661,23042,14370,9819,11207,10141,9769,8802,,,,,,,,
314,Costs,Sales,Sales Expenses,Unit Distributor Sales Expenses,$,0,0,0,0,0,0,0,0,0,0,0,0,0,0,0,0,0.001,,,,,,,,
315,Costs,Sales,Sales Expenses,Unit Direct Sales Expenses,$,0,0,0,0,0,0,0,0,0,0,0,0,0,0,0,0,0,,,,,,,,
316,Costs,Sales,Sales Expenses,Unit Sales Coaching Expenses,$,0,0,0,0,0,0,0,0,0,0,0,0,0,0,0,0,0.003,,,,,,,,
317,Costs,Sales,Sales Expenses,Unit Total Sales Expenses,$,0,0,0,0,0,0,0,0,0,0,0,0,0,0,0,0,0.005,,,,,,,,
318,Costs,Sales,Sales Expenses,% Distributor Sales Expenses,%,1,1,0,1,1,1,0,1,1,1,1,0,0,0,0,1,0.994,,,,,,,,
319,Costs,Sales,Sales Expenses,% Direct Sales Expenses,%,0,0,1,0,0,0,1,0,0,0,0,1,1,1,1,0,0.006,,,,,,,,
320,Costs,Sales,Sales Expenses,% Sales Coaching Expenses,%,0,0,1,1,1,1,1,1,1,1,1,1,1,1,1,1,0.717,,,,,,,,
321,Costs,Marketing,Marketing Expenses,WebFX Fees,$,500,500,500,500,500,500,500,1000,1475,1475,1475,1475,1475,1475,1475,500,2975,,,,,,,,
322,Costs,Marketing,Marketing Expenses,WebFX Services,$,0,0,0,0,0,0,0,0,0,0,255,0,528,1650,3218,2813,1950,,,,,,,,
323,Costs,Marketing,Marketing Expenses,SEO,$,3309,3282,3282,3471,3270,3779,3395,7545,9701,7436,7552,29601,16862,17600,15174,15163,21163,,,,,,,,
324,Costs,Marketing,Marketing Expenses,PPC Fee,$,975,975,975,975,975,0,0,0,975,1053.89,1381.78,1697.26,1824.87,1919.69,1973.07,5660.68,9475,,,,,,,,
325,Costs,Marketing,Marketing Expenses,Google Ads,$,1302.57,2038.35,1944.09,938.89,265.01,0,0,3000,6340.47,8522.05,8000,11839.02,10551.93,11239.03,10621.37,15278,24000,,,,,,,,
326,Costs,Marketing,Marketing Expenses,Microsoft Ads,$,0,0,0,0,0,0,0,0,0,0,0,1055.87,6363.82,7010.75,10010.04,12284,4388,,,,,,,,
327,Costs,Marketing,Marketing Expenses,Facebook,$,0,0,0,0,0,0,0,0,0,0,0,0,0,0,0, -   ,176,,,,,,,,
328,Costs,Marketing,Marketing Expenses,Reddit,$,0,0,0,0,0,0,0,0,0,0,0,0,0,0,0, -   ,135,,,,,,,,
329,Costs,Marketing,Marketing Expenses,TikTok,$, -   , -   , -   , -   , -   , -   , -   , -   , -   , -   , -   , -   , -   , -   , -   ,3730,987,,,,,,,,
330,Costs,Marketing,Marketing Expenses,AdTechFX,$, -   , -   , -   , -   , -   , -   , -   , -   , -   ,500,500, -   ,1600, -   ,1500,1500,0,,,,,,,,
331,Costs,Marketing,Marketing Expenses,CRO,$, -   , -   , -   , -   , -   , -   , -   , -   , -   , -   , -   ,3600,1800,1800,3600,3600,3600,,,,,,,,
332,Costs,Marketing,Marketing Expenses,Geofencing,$, -   , -   , -   , -   , -   , -   , -   , -   , -   , -   , -   , -   , -   , -   ,966, -   ,2255,,,,,,,,
333,Costs,Marketing,Marketing Expenses,Online Store,$, -   , -   , -   , -   ,3125,3125,3125,1950,150, -   , -   , -   , -   , -   , -   , -   ,0,,,,,,,,
334,Costs,Marketing,Marketing Expenses,Website,$,240,20,71,910,1086, -   ,597,32,32,224,57,120,1617,862,669,996,810,,,,,,,,
335,Costs,Marketing,Marketing Expenses,Advertising,$, -   , -   , -   , -   , -   ,1750, -   ,1477,574,2240, -   ,443,2402,1228,611,2893,3392,,,,,,,,
336,Costs,Marketing,Marketing Expenses,Conferences,$,1174,4121,3544, -   , -   , -   , -   ,436,378,2117,4094,1089,2871,8211,279,5498,377,,,,,,,,
337,Costs,Marketing,Marketing Expenses,Webinars,$,109,109,834, -   , -   ,500, -   , -   , -   ,1552, -   , -   , -   , -   ,1022, -   ,0,,,,,,,,
338,Costs,Marketing,Marketing Expenses,Total Digital Marketing,$,6326,6815,6772,6795,9221,7404,7617,13527,18673,19211,19221,49388,42623,43557,49206,61523,71913,,,,,,,,
339,Costs,Marketing,Marketing Expenses,General Marketing,$,1283,4230,4379, -   , -   ,2250, -   ,1913,952,5909,4094,1532,5272,9440,1912,8391,3769,,,,,,,,
340,Costs,Marketing,Marketing Expenses,Total Marketing Expenses,$,7609,11045,11151,6795,9221,9654,7617,15440,19625,25120,23315,50920,47895,52997,51118,69914,75682,,,,,,,,
341,Costs,Marketing,Marketing Expenses,Unit Digital Marketing Expenses,$,0,0,0,0,0,0,0,0,0,0,0,0,0,0,0,0.051,0.037,,,,,,,,
342,Costs,Marketing,Marketing Expenses,Unit General Marketing Expenses,$,0,0,0, -   , -   ,0, -   ,0,0,0,0,0,0,0,0,0.007,0.002,,,,,,,,
343,Costs,Marketing,Marketing Expenses,Unit Total Marketing Expenses,$,0.01,0.01,0.01,0.01,0.01,0.01,0.01,0.01,0.01,0.01,0.02,0.06,0.03,0.04,0.03,0.058,0.039,,,,,,,,
344,Costs,Marketing,Marketing Expenses,% Digital Marketing Expenses,%,0.83,0.62,0.61,1,1,0.77,1,0.88,0.95,0.76,0.82,0.97,0.89,0.82,0.96,1,0.95,,,,,,,,
345,Costs,Marketing,Marketing Expenses,% General Marketing Expenses,%,0.169,0.383,0.393,0,0,0.233,0,0.124,0.048,0.235,0.176,0.03,0.11,0.178,0.037,0.12,0.05,,,,,,,,
346,Costs,Marketing,Marketing Expenses,Owens Corning Shot Received,Tons,0,0,0,0,0,0,0,0,0,0,0,0,0,0,0,0,  -   ,,,,,,,,
347,Costs,Marketing,Marketing Expenses,Isolatek Shot Received,Tons,875.25,1081.34,378.26,1371.33,592.345,620.45,519.3,1394.205,1057.405,855.895,801.58,496.93,399.9,682.545,667.18,365.05,805,,,,,,,,
348,Costs,Marketing,Marketing Expenses,Red Wing Shot Received,Tons, -   , -   ,49,145,243,119,291,196,267,465,583,752,954,691,332,540.14,447,,,,,,,,
349,Costs,Marketing,Marketing Expenses,Walworth Shot Received,Tons,164.65,121.31,91.4,74.26,140.82,121.86,25.64,98.58,74.13,76.1,123.35,47.78,24.87,98.18,99.42,49.98,  -   ,,,,,,,,
350,Costs,Marketing,Marketing Expenses,Total Shot Received,Tons,1039.9,1202.65,518.45,1590.78,975.805,861.55,836.15,1688.585,1398.505,1396.805,1508.146,1296.29,1378.92,1472.205,1098.15,955.17,1252,,,,,,,,
351,Costs,Marketing,Marketing Expenses,Owens Corning Shot Processed,Tons,511.22,0,0,0,0,0,0,0,0,0,0,0,0,0,0,0,  -   ,,,,,,,,
352,Costs,Marketing,Marketing Expenses,Isolatek Shot Processed,Tons,799.225,945.415,895.91,937.6535,816.86,605.67,1036.03,1174.87,1351.83,1234.96,590.8505,754.35,742.03,481.85,766.0055,629.872,586,,,,,,,,
353,Costs,Marketing,Marketing Expenses,Red Wing Shot Processed,Tons,0,0,0,69.08,114.62,266.11,153.78,237.47,276.95,522.34,568.6095,516.09,644.03,793.89,704.8025,532.751,637,,,,,,,,
354,Costs,Marketing,Marketing Expenses,Walworth Shot Processed,Tons,94.085,173.115,198.21,126.7265,65.48,86.4,66.8,0,0,132.46,247.8595,121.4205,0,153.18,75.31,74.09,  -   ,,,,,,,,
355,Costs,Marketing,Marketing Expenses,Total Shot Processed,Tons,1404.53,1118.53,1094.12,1133.46,996.96,958.18,1256.61,1412.34,1628.78,1889.76,1407.3195,1391.8605,1386.06,1428.92,1546.118,1236.713,1222,,,,,,,,
356,Costs,Marketing,Marketing Expenses,Gross Operating Hours,Tons,111.25,110,105.5,110.5,99,95.5,121.5,124.5,146,172.5,142.5,138.5,156,164,171,134.5,135,,,,,,,,
357,Costs,Marketing,Marketing Expenses,Net Operating Hours,Tons,108,102,99.75,102.1,93.5,91,118,119.75,135,160.75,137.08,130,140,142.75,155.25,121.25,117,,,,,,,,
358,Costs,Marketing,Marketing Expenses,Scrap,Tons,940.512,599.2615,540.5,596.8955,504.665,469.2195,664.679,768.8435,975.888,1147.7905,864.1915,901.1095,753.453,776.596,683.701,678.8515,573,,,,,,,,
359,Costs,Marketing,Marketing Expenses,Finished Goods,Tons,582.4015,524.923,529.2875,538.98,499.562,496.97,651.7305,642.83,712.4455,867.1995,614.3945,560.1795,628.1665,665.5785,743.1345,606.461,626,,,,,,,,
360,Costs,Marketing,Marketing Expenses,Tons per Net Hour,Ton/hr,5.392606481,5.146303922,5.306140351,5.278942214,5.342909091,5.461208791,5.523139831,5.368100209,5.277374074,5.394709176,4.482014152,4.309073077,4.486903571,4.66254641,4.786695652,5.001740206,5.33,,,,,,,,
361,Costs,Marketing,Marketing Expenses,Tons per Gross Hour,Ton/hr,5.235069663,4.772027273,5.016943128,4.877647059,5.046080808,5.203874346,5.364037037,5.163293173,4.879763699,5.027243478,4.311540351,4.044617329,4.026708333,4.058405488,4.345815789,4.509003717,4.63,,,,,,,,
362,Costs,Marketing,Marketing Expenses,Uptime,%,0.970786517,0.927272727,0.94549763,0.9239819,0.944444444,0.952879581,0.971193416,0.96184739,0.924657534,0.931884058,0.961964912,0.938628159,0.897435897,0.870426829,0.907894737,0.901486989,0.869,,,,,,,,
363,Costs,Marketing,Marketing Expenses,Yield,%,0.414659352,0.469297203,0.483756352,0.475517442,0.501085299,0.518660377,0.518641822,0.455152442,0.437410516,0.458893987,0.436570729,0.402468135,0.453202964,0.465791297,0.480645397,0.490381358,0.512,,,,,,,,
364,Costs,Marketing,Marketing Expenses,OEE,%,0.84294193,0.830650557,0.917880819,0.857235759,0.9552175,1.028745349,1.080749449,0.90416944,0.789457792,0.859932097,0.724279664,0.611170678,0.655098105,0.658171491,0.758562887,0.797322462,0.824,,,,,,,,
365,Costs,Marketing,Marketing Expenses,Shot Received Less Processed,Tons,-364.63,84.12,-575.67,457.32,-21.155,-96.63,-420.46,276.245,-230.275,-492.955,100.8265,-95.5705,-7.14,43.285,-447.968,-281.543,30,,,,,,,,
366,Costs,Marketing,Marketing Expenses,% Finished Goods Sold,%,0.442821662,0.774637423,1.143943509,1.030186649,1.622221066,1.284584583,1.061251545,1.113785915,0.986215788,1.074003156,1.021859733,0.796485769,1.226386635,0.960329999,1.017985304,0.98654324,1.549,,,,,,,,
