UID,Metric Group,Metric Category,Metric Type,Metric Name,Unit,45322,45351,45382,45412,45443,45473,45504,45535,45565,45596,45626,45657,45688,45716,45747
1,Accounting,Income Statement,Income,Abrasive Revenue,$,149179.56,189881.29,326768.4,303570.64,452531.55,367362.7,417562.31,420547.99,421330.5,536073,360812.5,262536.3,454098.7,377260.2,448194.79
2,Accounting,Income Statement,Income,Equipment Resale Revenue,$,0,0,0,0,695.1,0,10452.63,0,5887.72,384.38,3755.96,-393.62,0,210.78,5665.71
3,Accounting,Income Statement,Income,Non-Abrasive Revenue,$,300,0,0,575,0,0,0,0,0,0,75,0,900,2167.21,255.95
4,Accounting,Income Statement,Income,Shipping Revenue,$,23823.89,34561.01,28448,39934.09,57266.73,42009,55432,60587.16,43204.38,84566.74,54850.39,37397.23,43699.53,54074.79,53326.08
5,Accounting,Income Statement,Income,Sales Tax Revenue,$,0,0,0,0,-370.06,-2028.38,0,-565.45,-315.01,-530,-633.04,-1004.23,-382.63,-424.91,-1527.21
6,Accounting,Income Statement,Income,Tip Fee Revenue,$,2414.2,1918.2,914,742.6,713.1,1453.8,951.5,985.8,985.9,761,1233.5,477.8,248.7,981.8,994.2
7,Accounting,Income Statement,Income,Total Revenue,$,175717.65,226360.5,356130.4,344822.33,510836.42,408797.12,484398.44,481555.5,471093.49,621255.12,420094.31,299013.48,498564.3,434269.87,506909.52
8,Accounting,Income Statement,Cost of Goods Sold,Process Labor,$,70700.84,56574.54,62343.22,60715.52,62900.24,58090.9,64615.92,65074.32,86472.88,78567.15,82755.92,77554.47,82000.18,76601.23,81587.46
9,Accounting,Income Statement,Cost of Goods Sold,Raw Material,$,5611.42,14849.59,7307.02,10973.86,43461.94,11827.86,16412.01,41627.4,9095.38,45502.8,67253.72,85515.53,60095.71,19840.57,139162.83
10,Accounting,Income Statement,Cost of Goods Sold,Shipping,$,31960.47,44158.29,37451.37,44281.75,55456.86,56467.99,62380.9,67093.9,83222.17,48887.92,84559.71,49326.52,32434.14,36324.42,51637.47
11,Accounting,Income Statement,Cost of Goods Sold,Packaging,$,930.86,18972.18,6075,24849.38,6300,28721.32,19721.4,13682.4,32928.32,36498.3,16208.28,1515,64260.15,41302.3,2934.14
12,Accounting,Income Statement,Cost of Goods Sold,Maintenance,$,9525.84,20272.63,5361.65,26674.33,15149.72,11975.2,20505.32,8731.45,12529.79,21744.75,15465.55,21702.54,59076.04,18667.34,17439.99
13,Accounting,Income Statement,Cost of Goods Sold,Equipment Resale COGS,$,0,0,0,0,0,0,0,10246.79,5886.65,925.65,3245.79,0,890,996.26,3950.2
14,Accounting,Income Statement,Cost of Goods Sold,Waste,$,14497.7,29466.78,17957.44,22602.25,13267.6,10222.62,14433.2,19493.46,21718.94,19204.48,18036.51,28299.45,22292.04,17149.59,18107.02
15,Accounting,Income Statement,Cost of Goods Sold,Inventory,$,-71501.42,-4882.03,24131.06,13255.2,71211.06,30756.52,26194.63,19355.09,-8.5,20455.8,23916.08,-26252.99,45781.85,-700.34,12396.98
16,Accounting,Income Statement,Cost of Goods Sold,Utilities,$,7836.84,9193.17,8723.77,6955.33,6220.67,5775.81,6092.04,6954.62,7640.3,7637.44,7960.6,8793.58,11269.43,8243.44,12734.32
17,Accounting,Income Statement,Cost of Goods Sold,Total COGS,$,69562.55,188605.15,169350.53,210307.62,273968.09,213838.22,230355.42,252259.43,259485.93,279424.29,319402.16,246454.1,378099.54,218424.81,339950.41
18,Accounting,Income Statement,Gross Earnings,Gross Income,$,106155.1,37755.35,186779.87,134514.71,236868.33,194958.9,254043.02,229296.07,211607.56,341830.83,100692.15,52559.38,120464.76,215845.06,166959.11
19,Accounting,Income Statement,Gross Earnings,% Gross Income,%,0.6,0.17,0.52,0.39,0.46,0.48,0.52,0.48,0.45,0.55,0.24,0.18,0.24,0.5,0.33
20,Accounting,Income Statement,SG&A Expenses,Professional Fees,$,52208.34,52208.34,52208.34,55208.34,53928.27,67876.82,52208.34,52208.34,56175.99,52208.34,52208.34,52208.34,52208.34,52208.34,52208.34
21,Accounting,Income Statement,SG&A Expenses,Sales & Marketing,$,16587.25,21302.05,26658.49,25508.04,34993.21,35453.32,32618.93,34495.84,45332.83,48649.93,55945.02,69729.95,95051.6,76032.8,76678.22
22,Accounting,Income Statement,SG&A Expenses,Overhead Labor,$,26592.38,28706.09,31862.93,31730.2,40877.62,30953.86,19118.17,14858.53,17171.27,14861.86,14456.41,14450.32,15980.65,13967.61,14423.07
23,Accounting,Income Statement,SG&A Expenses,Benefits,$,20711.17,17370.07,14201.08,14201.08,14201.08,27345.47,18160.12,13631.95,13633.27,14012.35,16252.79,14846.29,17046.51,18930.89,13573.38
24,Accounting,Income Statement,SG&A Expenses,Accounting,$,18973.21,7573.85,7573.85,7723.85,8212.02,7973.84,7723.84,7723.84,3580,3580,7723.85,7723.85,18818.34,10573.69,7388.35
25,Accounting,Income Statement,SG&A Expenses,Equipment Rental,$,2305.97,8543.97,13046.07,5055.12,5424.97,5067.29,5019.53,12498.25,4992.55,11445.33,6380.54,8119.22,12744.86,1950.97,5164.02
26,Accounting,Income Statement,SG&A Expenses,Tax,$,0,0,0,27139.2,0,18295.21,0,0,0,0,0,46743.97,0,0,1356.08
27,Accounting,Income Statement,SG&A Expenses,Insurance,$,9348.6,9183.39,9313.01,9302.25,9812.55,5890.47,5899.01,5936.02,6294.52,1877.08,2569.1,1895.26,8178.08,3462.85,4857.72
28,Accounting,Income Statement,SG&A Expenses,Office,$,4641.09,4530.86,4300.79,5236.66,5599.84,5395.36,4626.01,5215.24,6024.45,4487.64,4967.08,7898.04,6597.27,5266.68,8384.69
29,Accounting,Income Statement,SG&A Expenses,Banking,$,1951.7,2017.31,2418.56,2197.6,3269.54,2417.2,5541.99,2203.23,3399.7,3079.11,4171.98,2410.89,2454.86,1998.93,3680.62
30,Accounting,Income Statement,SG&A Expenses,R&D,$,0,0,0,0,0,0,0,0,0,0,25563.5,3322.16,0,2172.38,0
31,Accounting,Income Statement,SG&A Expenses,Warehouse,$,1141.67,1141.67,1141.67,1141.67,1141.67,1141.67,1141.67,1141.67,1141.67,1141.67,3141.67,6522.92,4664.27,1192.32,1141.67
32,Accounting,Income Statement,SG&A Expenses,Misc,$,1668.11,71.18,735.01,6657.54,670.05,2221.05,527.86,1458.85,512.78,2352.76,14.6,4412.08,2358.47,1139.06,1089.44
33,Accounting,Income Statement,SG&A Expenses,Legal,$,680,0,1510,5533,1807.5,0,0,0,138,0,0,784,0,0,0
34,Accounting,Income Statement,SG&A Expenses,Total Expenses,$,156809.49,152648.78,164969.8,196634.55,179938.32,210031.56,152585.47,151371.76,158397.03,157696.07,193394.88,241067.29,236103.25,188896.52,189945.6
35,Accounting,Income Statement,Ordinary Earninjgs,Net Ordinary Income,$,-50654.39,-114893.43,21810.07,-62119.84,56930.01,-15072.66,101457.55,77924.31,53210.53,184134.76,-92702.73,-188507.91,-115638.49,26948.54,-22986.49
36,Accounting,Income Statement,Ordinary Earnings,% Net Ordinary Income,%,-0.29,-0.51,0.06,-0.18,0.11,-0.04,0.21,0.16,0.11,0.3,-0.22,-0.63,-0.23,0.06,-0.05
37,Accounting,Income Statement,Other Income & Expenses,Other Income,$,1000000,0,17261.67,0,0,36.2,0,0,36.6,0,0,36.61,0,0,35.93
38,Accounting,Income Statement,Other Income & Expenses,Debt Interest,$,7616.54,11186.69,21380.55,13863.97,13317.26,13619.32,13052.55,13388.15,13247.28,12682.12,13001.15,10484.99,10796.86,10761.3,17588.7
39,Accounting,Income Statement,Other Income & Expenses,Depreciation,$,53174.75,53174.74,53174.75,53174.74,56282.43,53796.27,53960.82,53960.82,53960.82,53960.82,53960.82,55828.79,55090.41,55090.41,55090.41
40,Accounting,Income Statement,Other Income & Expenses,QOZ Penalty,$,5587,4838,4285,3614,4005,4012,4522,5155,5022,5771,4766,3023,2309,2077,2256
41,Accounting,Income Statement,Net Earnings,Net Income,$,882967.32,-184092.86,-39768.56,-132772.55,-16674.68,-86464.05,29922.18,5420.34,-18982.97,111720.82,-164430.7,-257808.08,-183834.76,-40980.17,-97885.67
42,Accounting,Income Statement,Net Earnings,% Net Income,%,5.02,-0.81,-0.11,-0.39,-0.03,-0.21,0.06,0.01,-0.04,0.18,-0.39,-0.86,-0.37,-0.09,-0.19
43,Accounting,Income Statement,Total Costs,Break-Even Revenue,$,292750.33,410453.36,395898.96,477594.88,527511.1,495261.17,454476.26,476135.16,490076.46,509534.3,584525.01,556821.56,682399.06,475250.04,604795.19
44,Accounting,Unit Income Statement,Unit Income,Unit Abrasive Revenue,$/lb,0.29,0.23,0.27,0.27,0.28,0.29,0.3,0.29,0.3,0.29,0.29,0.29,0.29,0.3,0.3
45,Accounting,Unit Income Statement,Unit Income,Unit Equipment Resale Revenue,$/lb,0,0,0,0,0,0,0.01,0,0,0,0,0,0,0,0
46,Accounting,Unit Income Statement,Unit Income,Unit Non-Abrasive Revenue,$/lb,0,0,0,0,0,0,0,0,0,0,0,0,0,0,0
47,Accounting,Unit Income Statement,Unit Income,Unit Shipping Revenue,$/lb,0.05,0.04,0.02,0.04,0.04,0.03,0.04,0.04,0.03,0.05,0.04,0.04,0.03,0.04,0.04
48,Accounting,Unit Income Statement,Unit Income,Unit Sales Tax Revenue,$/lb,0,0,0,0,0,0,0,0,0,0,0,0,0,0,0
49,Accounting,Unit Income Statement,Unit Income,Unit Tip Fee Revenue,$/lb,0,0,0,0,0,0,0,0,0,0,0,0,0,0,0
50,Accounting,Unit Income Statement,Unit Income,Unit Total Revenue,$/lb,0.34,0.28,0.29,0.31,0.32,0.32,0.35,0.34,0.34,0.33,0.33,0.34,0.32,0.34,0.34
51,Accounting,Unit Income Statement,Unit Cost of Goods Sold,Unit Process Labor,$/lb,0.14,0.07,0.05,0.05,0.04,0.05,0.05,0.05,0.06,0.04,0.07,0.09,0.05,0.06,0.05
52,Accounting,Unit Income Statement,Unit Cost of Goods Sold,Unit Raw Material,$/lb,0.01,0.02,0.01,0.01,0.03,0.01,0.01,0.03,0.01,0.02,0.05,0.1,0.04,0.02,0.09
53,Accounting,Unit Income Statement,Unit Cost of Goods Sold,Unit Shipping,$/lb,0.06,0.05,0.03,0.04,0.03,0.04,0.05,0.05,0.06,0.03,0.07,0.06,0.02,0.03,0.03
54,Accounting,Unit Income Statement,Unit Cost of Goods Sold,Unit Packaging,$/lb,0,0.02,0.01,0.02,0,0.02,0.01,0.01,0.02,0.02,0.01,0,0.04,0.03,0
55,Accounting,Unit Income Statement,Unit Cost of Goods Sold,Unit Maintenance,$/lb,0.02,0.02,0,0.02,0.01,0.01,0.01,0.01,0.01,0.01,0.01,0.02,0.04,0.01,0.01
56,Accounting,Unit Income Statement,Unit Cost of Goods Sold,Unit Equipment Resale COGS,$/lb,0,0,0,0,0,0,0,0.01,0,0,0,0,0,0,0
57,Accounting,Unit Income Statement,Unit Cost of Goods Sold,Unit Waste,$/lb,0.03,0.04,0.01,0.02,0.01,0.01,0.01,0.01,0.02,0.01,0.01,0.03,0.01,0.01,0.01
58,Accounting,Unit Income Statement,Unit Cost of Goods Sold,Unit Inventory,$/lb,-0.14,-0.01,0.02,0.01,0.04,0.02,0.02,0.01,0,0.01,0.02,-0.03,0.03,0,0.01
59,Accounting,Unit Income Statement,Unit Cost of Goods Sold,Unit Utilities,$/lb,0.02,0.01,0.01,0.01,0,0,0,0,0.01,0,0.01,0.01,0.01,0.01,0.01
60,Accounting,Unit Income Statement,Unit Cost of Goods Sold,Unit Total COGS,$/lb,0.13,0.23,0.14,0.19,0.17,0.17,0.17,0.18,0.18,0.15,0.25,0.28,0.25,0.17,0.22
61,Accounting,Unit Income Statement,Unit Gross Earnings,Unit Gross Income,$/lb,0.21,0.05,0.15,0.12,0.15,0.15,0.18,0.16,0.15,0.18,0.08,0.06,0.08,0.17,0.11
62,Accounting,Unit Income Statement,Unit Gross Earnings,Unit % Gross Income,%,0.6,0.17,0.52,0.39,0.46,0.48,0.52,0.48,0.45,0.55,0.24,0.18,0.24,0.5,0.33
63,Accounting,Unit Income Statement,Unit SG&A Expenses,Unit Professional Fees,$/lb,0.1,0.06,0.04,0.05,0.03,0.05,0.04,0.04,0.04,0.03,0.04,0.06,0.03,0.04,0.03
64,Accounting,Unit Income Statement,Unit SG&A Expenses,Unit Sales & Marketing,$/lb,0.03,0.03,0.02,0.02,0.02,0.03,0.02,0.02,0.03,0.03,0.04,0.08,0.06,0.06,0.05
65,Accounting,Unit Income Statement,Unit SG&A Expenses,Unit Overhead Labor,$/lb,0.05,0.04,0.03,0.03,0.03,0.02,0.01,0.01,0.01,0.01,0.01,0.02,0.01,0.01,0.01
66,Accounting,Unit Income Statement,Unit SG&A Expenses,Unit Benefits,$/lb,0.04,0.02,0.01,0.01,0.01,0.02,0.01,0.01,0.01,0.01,0.01,0.02,0.01,0.01,0.01
67,Accounting,Unit Income Statement,Unit SG&A Expenses,Unit Accounting,$/lb,0.04,0.01,0.01,0.01,0.01,0.01,0.01,0.01,0,0,0.01,0.01,0.01,0.01,0
68,Accounting,Unit Income Statement,Unit SG&A Expenses,Unit Equipment Rental,$/lb,0,0.01,0.01,0,0,0,0,0.01,0,0.01,0.01,0.01,0.01,0,0
69,Accounting,Unit Income Statement,Unit SG&A Expenses,Unit Tax,$/lb,0,0,0,0.02,0,0.01,0,0,0,0,0,0.05,0,0,0
70,Accounting,Unit Income Statement,Unit SG&A Expenses,Unit Insurance,$/lb,0.02,0.01,0.01,0.01,0.01,0,0,0,0,0,0,0,0.01,0,0
71,Accounting,Unit Income Statement,Unit SG&A Expenses,Unit Office,$/lb,0.01,0.01,0,0,0,0,0,0,0,0,0,0.01,0,0,0.01
72,Accounting,Unit Income Statement,Unit SG&A Expenses,Unit Banking,$/lb,0,0,0,0,0,0,0,0,0,0,0,0,0,0,0
73,Accounting,Unit Income Statement,Unit SG&A Expenses,Unit R&D,$/lb,0,0,0,0,0,0,0,0,0,0,0.02,0,0,0,0
74,Accounting,Unit Income Statement,Unit SG&A Expenses,Unit Warehouse,$/lb,0,0,0,0,0,0,0,0,0,0,0,0.01,0,0,0
75,Accounting,Unit Income Statement,Unit SG&A Expenses,Unit Misc,$/lb,0,0,0,0.01,0,0,0,0,0,0,0,0,0,0,0
76,Accounting,Unit Income Statement,Unit SG&A Expenses,Unit Legal,$/lb,0,0,0,0,0,0,0,0,0,0,0,0,0,0,0
77,Accounting,Unit Income Statement,Unit SG&A Expenses,Unit Total Expenses,$/lb,0.3,0.19,0.14,0.18,0.11,0.16,0.11,0.11,0.11,0.08,0.15,0.27,0.15,0.15,0.13
78,Accounting,Unit Income Statement,Unit Ordinary Earninjgs,Unit Net Ordinary Income,$/lb,-0.1,-0.14,0.02,-0.06,0.04,-0.01,0.07,0.05,0.04,0.1,-0.07,-0.21,-0.08,0.02,-0.02
79,Accounting,Unit Income Statement,Unit Ordinary Earninjgs,Unit % Net Ordinary Income,%,-0.29,-0.51,0.06,-0.18,0.11,-0.04,0.21,0.16,0.11,0.3,-0.22,-0.63,-0.23,0.06,-0.05
80,Accounting,Unit Income Statement,Unit Other Income & Expenses,Unit Other Income,$/lb,1.94,0,0.01,0,0,0,0,0,0,0,0,0,0,0,0
81,Accounting,Unit Income Statement,Unit Other Income & Expenses,Unit Debt Interest,$/lb,0.01,0.01,0.02,0.01,0.01,0.01,0.01,0.01,0.01,0.01,0.01,0.01,0.01,0.01,0.01
82,Accounting,Unit Income Statement,Unit Other Income & Expenses,Unit Depreciation,$/lb,0.1,0.07,0.04,0.05,0.03,0.04,0.04,0.04,0.04,0.03,0.04,0.06,0.04,0.04,0.04
83,Accounting,Unit Income Statement,Unit Other Income & Expenses,Unit QOZ Penalty,$/lb,0.01,0.01,0,0,0,0,0,0,0,0,0,0,0,0,0
84,Accounting,Unit Income Statement,Unit Net Earnings,Unit Net Income,$/lb,1.71,-0.23,-0.03,-0.12,-0.01,-0.07,0.02,0,-0.01,0.06,-0.13,-0.29,-0.12,-0.03,-0.06
85,Accounting,Unit Income Statement,Unit Net Earnings,Unit % Net Income,%,5.02,-0.81,-0.11,-0.39,-0.03,-0.21,0.06,0.01,-0.04,0.18,-0.39,-0.86,-0.37,-0.09,-0.19
86,Accounting,Unit Income Statement,Unit Total Costs,Break-Even Price,$/lb,0.57,0.5,0.33,0.43,0.33,0.39,0.33,0.33,0.35,0.27,0.47,0.62,0.44,0.37,0.4
87,Accounting,Cash Flow Statement,Operating Activities,Net Income,$,882967.32,-184092.86,-39768.56,-132772.55,-16674.68,-86464.05,29922.18,5420.34,-18982.97,111720.82,-164430.7,-257808.08,-183834.76,-40980.17,-97885.67
88,Accounting,Cash Flow Statement,Operating Activities,Accounts Receivable,$,132330.95,-79908.51,-77998.5,-95538.94,-202369.12,-60298.17,-101206.97,81506.61,-65842.33,-65985.1,114304.13,101724.51,65035.47,-149810.92,51316.31
89,Accounting,Cash Flow Statement,Operating Activities,Inventory Asset,$,-71874.69,-22738.1,24145.65,12619.88,67855.41,30945.65,21147.03,18019.74,-2963.94,17338.55,12008.46,-33566.26,37432.38,-6424.8,2865.41
90,Accounting,Cash Flow Statement,Operating Activities,Other Current Asset,$,-22494.36,-7961.56,7646.78,-5808.72,8749.91,3044.29,27365.52,9689.85,-35632.68,-40253.34,-32528.62,71001.87,-11168.75,-5135.82,19800.43
91,Accounting,Cash Flow Statement,Operating Activities,Accounts Payable,$,-16381.05,33157.35,-20235.63,14600.28,-15003.76,16319.45,-16831.65,24183.95,-4765.99,-5004.78,16934.13,-2746.05,26137.19,-36202.1,58864.51
92,Accounting,Cash Flow Statement,Operating Activities,Sales Tax Payable,$,-54.07,34.91,96.28,79.68,1173.54,601.02,-2003.18,2939.93,-761.56,-113.95,-454.67,4156.26,-4361.53,-102.49,1669.12
93,Accounting,Cash Flow Statement,Operating Activities,Other Current Liabilities,$,-5160.14,11139.86,10264.52,-29464.52,-19889.11,4788.26,14524.45,14029.31,18045.76,15675.25,-25884.47,5585.75,18907.29,8103.9,4636.43
94,Accounting,Cash Flow Statement,Operating Activities,Total Adjustments to Net Income,$,16366.64,-66276.05,-56080.9,-103512.34,-159483.13,-4599.5,-57004.8,150369.39,-91920.74,-78343.37,84378.96,146156.08,131982.05,-189572.23,139152.21
95,Accounting,Cash Flow Statement,Operating Activities,Total Operating Activities,$,899333.96,-250368.91,-95849.46,-236284.89,-176157.81,-91063.55,-27082.62,155789.73,-110903.71,33377.45,-80051.74,-111652,-51852.71,-230552.4,41266.54
96,Accounting,Cash Flow Statement,Investing Activities,Fixed Asset,$,53174.75,53174.74,-36325.25,53174.74,56282.43,53796.27,34215.84,53960.82,53960.82,53960.82,53960.82,-65576.49,55090.41,55090.41,55090.41
97,Accounting,Cash Flow Statement,Investing Activities,Total Investing Activities,$,53174.75,53174.74,-36325.25,53174.74,56282.43,53796.27,34215.84,53960.82,53960.82,53960.82,53960.82,-65576.49,55090.41,55090.41,55090.41
98,Accounting,Cash Flow Statement,Financing Activities,Long Term Liabilities,$,-8508.29,-4938.14,-28560.11,-24987.21,-25533.92,-25263.87,-25798.63,-25463.03,-25603.9,-26169.06,-25850.03,-5639.84,-5327.97,-5363.53,-21262.48
99,Accounting,Cash Flow Statement,Financing Activities,Other Equity,$,0,0,0,0,0,0,0,0,0,0,0,0,0,0,0
100,Accounting,Cash Flow Statement,Cash,Total Financing Activities,$,-8508.29,-4938.14,-28560.11,-24987.21,-25533.92,-25263.87,-25798.63,-25463.03,-25603.9,-26169.06,-25850.03,-5639.84,-5327.97,-5363.53,-21262.48
101,Accounting,Cash Flow Statement,Cash,Net Change in Cash for Period,$,944000.42,-202132.31,-160734.82,-208097.36,-145409.3,-62531.15,-18665.41,184287.52,-82546.79,61169.21,-51940.95,-182868.33,-2090.27,-180825.52,75094.47
102,Accounting,Cash Flow Statement,Cash,Cash at Beginning of Period,$,958773.91,1902774.33,1700642.02,1539907.2,1331809.84,1186400.54,1123869.39,1105203.98,1289491.5,1206944.71,1268113.92,1216172.97,1033304.64,1031214.37,850388.85
103,Accounting,Cash Flow Statement,Cash,Cash at End of Period,$,1902774.33,1700642.02,1539907.2,1331809.84,1186400.54,1123869.39,1105203.98,1289491.5,1206944.71,1268113.92,1216172.97,1033304.64,1031214.37,850388.85,925483.32
104,Accounting,Balance Sheet,Assets,Bank,$,1902774.33,1700642.02,1539907.2,1331809.84,1186400.54,1123869.39,1105203.98,1289491.5,1206944.71,1268113.92,1216172.97,1033304.64,1031214.37,850388.85,925483.32
105,Accounting,Balance Sheet,Assets,Accounts Receivable,$,157237.15,237145.66,315144.16,410683.1,613052.22,673350.39,774557.36,693050.75,758893.08,824878.18,710574.05,608849.54,543814.07,693624.99,642308.68
106,Accounting,Balance Sheet,Assets,Other Current Assets,$,760718.19,791417.85,759625.42,752814.26,676208.94,642219,593706.45,565996.86,604593.48,627508.27,648028.43,610592.82,584329.19,595889.81,573223.97
107,Accounting,Balance Sheet,Assets,Total Current Assets,$,2820729.67,2729205.53,2614676.78,2495307.2,2475661.7,2439438.78,2473467.79,2548539.11,2570431.27,2720500.37,2574775.45,2252747,2159357.63,2139903.65,2141015.97
108,Accounting,Balance Sheet,Assets,Fixed Assets,$,6732453.27,6679278.53,6715603.78,6662429.04,6606146.61,6552350.34,6518134.5,6464173.68,6410212.86,6356252.04,6302291.22,6367867.71,6312777.3,6257686.89,6202596.48
109,Accounting,Balance Sheet,Assets,Total Assets,$,9553182.94,9408484.06,9330280.56,9157736.24,9081808.31,8991789.12,8991602.29,9012712.79,8980644.13,9076752.41,8877066.67,8620614.71,8472134.93,8397590.54,8343612.45
110,Accounting,Balance Sheet,Liabilities & Equity,Current Liabilities,$,163827.69,208159.81,198284.98,183500.42,149781.09,171489.82,167179.44,208332.63,220850.84,231407.36,222002.35,228998.31,269681.26,241480.57,306650.63
111,Accounting,Balance Sheet,Liabilities & Equity,Long Term Liabilities,$,2326424.36,2321486.22,2292926.11,2267938.9,2242404.98,2217141.11,2191342.48,2165879.45,2140275.55,2114106.49,2088256.46,2082616.62,2077288.65,2071925.12,2050662.64
112,Accounting,Balance Sheet,Liabilities & Equity,Equity,$,7062930.89,6878838.03,6839069.47,6706296.92,6689622.24,6603158.19,6633080.37,6638500.71,6619517.74,6731238.56,6566807.86,6308999.78,6125165.02,6084184.85,5986299.18
113,Accounting,Balance Sheet,Liabilities & Equity,Total Liabilities & Equity,$,9553182.94,9408484.06,9330280.56,9157736.24,9081808.31,8991789.12,8991602.29,9012712.79,8980644.13,9076752.41,8877066.67,8620614.71,8472134.93,8397590.54,8343612.45
114,Sales,Abrasive Sales,Overall Sales,Total Orders,Orders,62,60,65,80,81,74,73,96,92,110,93,79,126,111,186
115,Sales,Abrasive Sales,Overall Sales,Tons Sold,Tons,257.9,406.63,605.48,555.25,810.4,638.4,691.65,715.98,702.63,931.38,627.83,446.18,770.45,639.18,756.5
116,Sales,Abrasive Sales,Overall Sales,Product Revenue,$,142952.45,207255.4,325919.35,303527.9,452531.55,372642.7,416429.35,420093,421330.5,536073,360712.5,262536.3,454098.7,376910.2,447914.8
117,Sales,Abrasive Sales,Overall Sales,Tons/Order,Tons/Order,4.16,6.78,9.32,6.94,10,8.63,9.47,7.46,7.64,8.47,6.75,5.65,6.11,5.76,4.07
118,Sales,Abrasive Sales,Overall Sales,Revenue/Order,$/Order,2305.68,3454.26,5014.14,3794.1,5586.81,5035.71,5704.51,4375.97,4579.68,4873.39,3878.63,3323.24,3603.96,3395.59,2408.14
119,Sales,Abrasive Sales,Overall Sales,Average Price,$/lb,0.28,0.25,0.27,0.27,0.28,0.29,0.3,0.29,0.3,0.29,0.29,0.29,0.29,0.29,0.3
120,Sales,Abrasive Sales,Overall Sales,Average GM,$/lb,0.14,0.02,0.13,0.08,0.11,0.12,0.13,0.12,0.12,0.14,0.03,0.02,0.05,0.12,0.07
121,Sales,Abrasive Sales,Overall Sales,Average OM,$/lb,-0.16,-0.16,-0.01,-0.09,0,-0.04,0.02,0.01,0,0.05,-0.12,-0.25,-0.1,-0.02,-0.05
122,Sales,Abrasive Sales,Overall Sales,% Average GM,%,0.51,0.09,0.48,0.31,0.39,0.43,0.45,0.4,0.38,0.48,0.11,0.06,0.17,0.42,0.24
123,Sales,Abrasive Sales,Overall Sales,% Average OM,%,-0.58,-0.65,-0.03,-0.34,0,-0.14,0.08,0.04,0.01,0.18,-0.42,-0.86,-0.35,-0.08,-0.18
124,Sales,Abrasive Sales,Online Sales,Online Orders,Orders,0,0,0,0,0,0,2,18,19,23,21,23,44,57,108
125,Sales,Abrasive Sales,Online Sales,Online Tons,Tons,0,0,0,0,0,0,2.05,2.33,1.05,3.25,2.9,4.03,5.05,5.5,12.05
126,Sales,Abrasive Sales,Online Sales,Online Revenue,$,1247.35,1346.75,381.4,862,428.75,79.95,1543.9,5442,2674,6419.5,5826,5527.8,9600.8,9222.7,20339.3
127,Sales,Abrasive Sales,Online Sales,Online Tons/Order,Tons/Order,0,0,0,0,0,0,1.03,0.13,0.06,0.14,0.14,0.18,0.11,0.1,0.11
128,Sales,Abrasive Sales,Online Sales,Online Revenue/Order,$/Order,0,0,0,0,0,0,771.95,302.33,140.74,279.11,277.43,240.34,218.2,161.8,188.33
129,Sales,Abrasive Sales,Online Sales,Online Avg Price,$/lb,0,0,0,0,0,0,0.38,1.17,1.27,0.99,1,0.69,0.95,0.84,0.84
130,Sales,Abrasive Sales,Online Sales,Online Avg GM,$/lb,0,0,0,0,0,0,0.21,0.99,1.09,0.84,0.75,0.41,0.71,0.67,0.62
131,Sales,Abrasive Sales,Online Sales,Online Avg OM,$/lb,0,0,0,0,0,0,0.1,0.89,0.98,0.75,0.6,0.14,0.55,0.52,0.49
132,Sales,Abrasive Sales,Online Sales,% Online Avg GM,%,0,0,0,0,0,0,0.56,0.85,0.85,0.85,0.75,0.6,0.74,0.8,0.73
133,Sales,Abrasive Sales,Online Sales,% Online Avg OM,%,0,0,0,0,0,0,0.26,0.76,0.77,0.76,0.59,0.2,0.58,0.62,0.59
134,Sales,Abrasive Sales,Online Sales,% Online Orders,%,0,0,0,0,0,0,0.03,0.19,0.21,0.21,0.23,0.29,0.35,0.51,0.58
135,Sales,Abrasive Sales,Online Sales,% Online Revenue,%,0.01,0.01,0,0,0,0,0,0.01,0.01,0.01,0.02,0.02,0.02,0.02,0.05
136,Sales,Abrasive Sales,Online Sales,Online Repeat Orders,Orders,0,0,0,0,0,0,2,3,2,6,5,8,11,8,31
137,Sales,Abrasive Sales,Online Sales,Online Repeat Revenue,$,0,0,0,0,0,0,1543.9,1369,212,1144,4688,4116,5670,2053,7325.4
138,Sales,Abrasive Sales,Online Sales,% Online Repeat Orders,%,0,0,0,0,0,0,1,0.17,0.11,0.26,0.24,0.35,0.25,0.14,0.29
139,Sales,Abrasive Sales,Online Sales,% Online Repeat Revenue,%,0,0,0,0,0,0,1,0.25,0.08,0.18,0.8,0.74,0.59,0.22,0.36
140,Sales,Abrasive Sales,Offline Sales,Offline Orders,Orders,62,60,65,80,81,74,71,79,73,87,73,56,82,54,78
141,Sales,Abrasive Sales,Offline Sales,Offline Tons,Tons,257.9,406.63,605.48,555.25,810.4,638.4,689.6,713.65,701.58,928.13,624.93,442.15,765.4,633.68,744.45
142,Sales,Abrasive Sales,Offline Sales,Offline Revenue,$,142952.45,207255.4,325919.35,303527.9,452531.55,372642.7,414885.45,414651,418656.5,529653.5,354886.5,257008.5,444497.9,367687.5,427575.5
143,Sales,Abrasive Sales,Offline Sales,Offline Tons/Order,Tons/Order,4.16,6.78,9.32,6.94,10,8.63,9.71,9.03,9.61,10.67,8.56,7.9,9.33,11.73,9.54
144,Sales,Abrasive Sales,Offline Sales,Offline Revenue/Order,$/Order,2305.68,3454.26,5014.14,3794.1,5586.81,5035.71,5843.46,5248.75,5735.02,6087.97,4861.46,4589.44,5420.71,6809.03,5481.74
145,Sales,Abrasive Sales,Offline Sales,Offline Avg Price,$/lb,0.28,0.25,0.27,0.27,0.28,0.29,0.3,0.29,0.3,0.29,0.28,0.29,0.29,0.29,0.29
146,Sales,Abrasive Sales,Offline Sales,Offline Avg GM,$/lb,0.14,0.02,0.13,0.08,0.11,0.12,0.13,0.11,0.11,0.14,0.03,0.01,0.04,0.12,0.06
147,Sales,Abrasive Sales,Offline Sales,Offline Avg OM,$/lb,-0.16,-0.16,-0.01,-0.09,0,-0.04,0.02,0.01,0,0.05,-0.12,-0.26,-0.11,-0.03,-0.06
148,Sales,Abrasive Sales,Offline Sales,% Offline Avg GM,%,0.51,0.09,0.48,0.31,0.39,0.43,0.45,0.39,0.38,0.47,0.1,0.05,0.15,0.41,0.22
149,Sales,Abrasive Sales,Offline Sales,% Offline Avg OM,%,-0.58,-0.65,-0.03,-0.34,0,-0.14,0.08,0.03,0,0.18,-0.44,-0.88,-0.37,-0.1,-0.22
150,Sales,Abrasive Sales,Offline Sales,% Offline Orders,%,1,1,1,1,1,1,0.97,0.82,0.79,0.79,0.78,0.71,0.65,0.49,0.42
151,Sales,Abrasive Sales,Offline Sales,% Offline Revenue,%,1,1,1,1,1,1,1,0.99,0.99,0.99,0.98,0.98,0.98,0.98,0.95
152,Sales,Abrasive Sales,Offline Sales,Offline First Orders,Orders,10,11,8,15,13,4,4,8,6,7,9,5,8,6,14
153,Sales,Abrasive Sales,Offline Sales,Offline First Revenue,$,671.45,1923,4841.2,2801.4,18399.65,15531.95,782.9,5347,19859,18763,7062,2930,2059,3211,10873
154,Sales,Abrasive Sales,Offline Sales,% Offline First Orders,%,0.16,0.18,0.12,0.19,0.16,0.05,0.06,0.1,0.08,0.08,0.12,0.09,0.1,0.11,0.18
155,Sales,Abrasive Sales,Offline Sales,% Offline First Revenue,%,0,0.01,0.01,0.01,0.04,0.04,0,0.01,0.05,0.04,0.02,0.01,0,0.01,0.03
156,Sales,Abrasive Sales,New Sales,First Orders,Orders,10,10,8,14,13,4,4,21,22,24,24,20,39,53,89
157,Sales,Abrasive Sales,New Sales,First Tons,Tons,0.38,2.33,6.43,2.35,24.5,24.03,0.83,8.08,26.08,28.05,8.83,4.35,4.15,8.33,20.98
158,Sales,Abrasive Sales,New Sales,First Revenue,$,671.45,1923,4841.2,2801.4,18399.65,15531.95,782.9,9420,22321,24038.5,8200,4341.8,5989.8,10380.7,23886.9
159,Sales,Abrasive Sales,New Sales,First Tons/Order,Tons/Order,0.04,0.23,0.8,0.17,1.88,6.01,0.21,0.38,1.19,1.17,0.37,0.22,0.11,0.16,0.24
160,Sales,Abrasive Sales,New Sales,First Revenue/Order,$/Order,67.15,192.3,605.15,200.1,1415.36,3882.99,195.73,448.57,1014.59,1001.6,341.67,217.09,153.58,195.86,268.39
161,Sales,Abrasive Sales,New Sales,First Avg Price,$/lb,0.9,0.41,0.38,0.6,0.38,0.32,0.47,0.58,0.43,0.43,0.46,0.5,0.72,0.62,0.57
162,Sales,Abrasive Sales,New Sales,First Avg GM,$/lb,0.76,0.18,0.24,0.41,0.21,0.16,0.31,0.41,0.24,0.28,0.21,0.22,0.48,0.45,0.34
163,Sales,Abrasive Sales,New Sales,First Avg OM,$/lb,0.46,-0.01,0.1,0.23,0.1,-0.01,0.2,0.3,0.13,0.19,0.06,-0.05,0.32,0.3,0.22
164,Sales,Abrasive Sales,New Sales,% First Avg GM,%,0.85,0.44,0.63,0.68,0.55,0.48,0.65,0.7,0.57,0.65,0.45,0.45,0.66,0.73,0.61
165,Sales,Abrasive Sales,New Sales,% First Avg OM,%,0.51,-0.01,0.27,0.39,0.25,-0.03,0.42,0.52,0.31,0.45,0.12,-0.09,0.45,0.49,0.38
166,Sales,Abrasive Sales,New Sales,% First Orders,%,0.16,0.17,0.12,0.18,0.16,0.05,0.05,0.22,0.24,0.22,0.26,0.25,0.31,0.48,0.48
167,Sales,Abrasive Sales,New Sales,% First Revenue,%,0,0.01,0.01,0.01,0.04,0.04,0,0.02,0.05,0.04,0.02,0.02,0.01,0.03,0.05
168,Sales,Abrasive Sales,Repeat Sales,Repeat Orders,Orders,52,50,57,66,68,70,69,75,70,86,69,59,87,58,97
169,Sales,Abrasive Sales,Repeat Sales,Repeat Tons,Tons,257.53,404.3,599.05,552.9,785.9,614.38,690.83,707.9,676.55,903.33,619,441.83,766.3,630.85,735.53
170,Sales,Abrasive Sales,Repeat Sales,Repeat Revenue,$,142281,205332.4,321078.15,300726.5,434131.9,357110.75,415646.45,410673,399009.5,512034.5,352512.5,258194.5,448108.9,366529.5,424027.9
171,Sales,Abrasive Sales,Repeat Sales,Repeat Tons/Order,Tons/Order,4.95,8.09,10.51,8.38,11.56,8.78,10.01,9.44,9.67,10.5,8.97,7.49,8.81,10.88,7.58
172,Sales,Abrasive Sales,Repeat Sales,Repeat Revenue/Order,$/Order,2736.17,4106.65,5632.95,4556.46,6384.29,5101.58,6023.86,5475.64,5700.14,5953.89,5108.88,4376.18,5150.68,6319.47,4371.42
173,Sales,Abrasive Sales,Repeat Sales,Repeat Avg Price,$/lb,0.28,0.25,0.27,0.27,0.28,0.29,0.3,0.29,0.29,0.28,0.28,0.29,0.29,0.29,0.29
174,Sales,Abrasive Sales,Repeat Sales,Repeat Avg GM,$/lb,0.14,0.02,0.13,0.08,0.11,0.12,0.13,0.11,0.11,0.13,0.03,0.02,0.05,0.12,0.06
175,Sales,Abrasive Sales,Repeat Sales,Repeat Avg OM,$/lb,-0.16,-0.17,-0.01,-0.09,0,-0.04,0.02,0.01,0,0.05,-0.12,-0.25,-0.11,-0.03,-0.06
176,Sales,Abrasive Sales,Repeat Sales,% Repeat Avg GM,%,0.51,0.09,0.48,0.3,0.39,0.42,0.45,0.39,0.37,0.47,0.11,0.05,0.16,0.41,0.22
177,Sales,Abrasive Sales,Repeat Sales,% Repeat Avg OM,%,-0.59,-0.65,-0.03,-0.35,-0.01,-0.14,0.08,0.03,-0.01,0.17,-0.43,-0.87,-0.36,-0.1,-0.22
178,Sales,Abrasive Sales,Repeat Sales,% Repeat Orders,%,0.84,0.83,0.88,0.83,0.84,0.95,0.95,0.78,0.76,0.78,0.74,0.75,0.69,0.52,0.52
179,Sales,Abrasive Sales,Repeat Sales,% Repeat Revenue,%,1,0.99,0.99,0.99,0.96,0.96,1,0.98,0.95,0.96,0.98,0.98,0.99,0.97,0.95
180,Sales,Abrasive Sales,Distributor Sales,Distributor Orders,Orders,31,28,36,43,52,49,39,50,37,52,47,36,49,33,36
181,Sales,Abrasive Sales,Distributor Sales,Distributor Tons,Tons,160.8,298.65,474.55,428.13,603.63,380.65,444.15,458.25,367.08,514.78,347.48,182.18,566.48,415.2,435.3
182,Sales,Abrasive Sales,Distributor Sales,Distributor Revenue,$,84427.5,141383,242653,225087.5,319412,215091,266511,255744,209178.5,282907.5,188423.5,105425.5,326412.9,229726.5,240573.5
183,Sales,Abrasive Sales,Distributor Sales,Distributor Tons/Order,Tons/Order,5.19,10.67,13.18,9.96,11.61,7.77,11.39,9.17,9.92,9.9,7.39,5.06,11.56,12.58,12.09
184,Sales,Abrasive Sales,Distributor Sales,Distributor Revenue/Order,$/Order,2723.47,5049.39,6740.36,5234.59,6142.54,4389.61,6833.62,5114.88,5653.47,5440.53,4009.01,2928.49,6661.49,6961.41,6682.6
185,Sales,Abrasive Sales,Distributor Sales,Distributor Avg Price,$/lb,0.26,0.24,0.26,0.26,0.26,0.28,0.3,0.28,0.28,0.27,0.27,0.29,0.29,0.28,0.28
186,Sales,Abrasive Sales,Distributor Sales,Distributor Avg GM,$/lb,0.13,0,0.12,0.07,0.1,0.12,0.13,0.1,0.1,0.12,0.02,0.01,0.04,0.11,0.05
187,Sales,Abrasive Sales,Distributor Sales,Distributor Avg OM,$/lb,-0.18,-0.18,-0.02,-0.1,-0.02,-0.05,0.02,0,-0.01,0.04,-0.14,-0.26,-0.11,-0.04,-0.07
188,Sales,Abrasive Sales,Distributor Sales,% Distributor Avg GM,%,0.49,0.02,0.45,0.28,0.36,0.41,0.44,0.37,0.35,0.45,0.06,0.05,0.15,0.38,0.19
189,Sales,Abrasive Sales,Distributor Sales,% Distributor Avg OM,%,-0.67,-0.77,-0.08,-0.39,-0.06,-0.18,0.08,-0.01,-0.04,0.15,-0.51,-0.89,-0.38,-0.15,-0.27
190,Sales,Abrasive Sales,Distributor Sales,% Distributor Orders,%,0.5,0.47,0.55,0.54,0.64,0.66,0.53,0.52,0.4,0.47,0.51,0.46,0.39,0.3,0.19
191,Sales,Abrasive Sales,Distributor Sales,% Distributor Revenue,%,0.59,0.68,0.74,0.74,0.71,0.58,0.64,0.61,0.5,0.53,0.52,0.4,0.72,0.61,0.54
192,Sales,Abrasive Sales,Large Direct Sales,Large Direct Orders,Orders,2,2,4,3,6,9,9,10,13,17,9,9,8,9,12
193,Sales,Abrasive Sales,Large Direct Sales,Large Direct Tons,Tons,72,72,96,72,160,248,230,228,294,384,248,248,184,204,272
194,Sales,Abrasive Sales,Large Direct Sales,Large Direct Revenue,$,40320,40320,53760,40320,101480,149880,135400,137800,179600,222916,145172,142048,104624,125988,157820
195,Sales,Abrasive Sales,Large Direct Sales,Large Direct Tons/Order,Tons/Order,36,36,24,24,26.67,27.56,25.56,22.8,22.62,22.59,27.56,27.56,23,22.67,22.67
196,Sales,Abrasive Sales,Large Direct Sales,Large Direct Revenue/Order,$/Order,20160,20160,13440,13440,16913.33,16653.33,15044.44,13780,13815.38,13112.71,16130.22,15783.11,13078,13998.67,13151.67
197,Sales,Abrasive Sales,Large Direct Sales,Large Direct Avg Price,$/lb,0.28,0.28,0.28,0.28,0.32,0.3,0.29,0.3,0.31,0.29,0.29,0.29,0.28,0.31,0.29
198,Sales,Abrasive Sales,Large Direct Sales,Large Direct Avg GM,$/lb,0.15,0.05,0.14,0.09,0.15,0.13,0.13,0.13,0.12,0.14,0.04,0.01,0.04,0.14,0.07
199,Sales,Abrasive Sales,Large Direct Sales,Large Direct Avg OM,$/lb,-0.16,-0.14,0,-0.09,0.04,-0.03,0.02,0.02,0.01,0.06,-0.12,-0.26,-0.11,-0.01,-0.06
200,Sales,Abrasive Sales,Large Direct Sales,% Large Direct Avg GM,%,0.52,0.17,0.5,0.32,0.47,0.45,0.43,0.42,0.4,0.48,0.13,0.04,0.14,0.45,0.23
201,Sales,Abrasive Sales,Large Direct Sales,% Large Direct Avg OM,%,-0.57,-0.5,0.01,-0.31,0.12,-0.1,0.06,0.07,0.03,0.19,-0.4,-0.91,-0.4,-0.03,-0.21
202,Sales,Abrasive Sales,Large Direct Sales,% Large Direct Orders,%,0.03,0.03,0.06,0.04,0.07,0.12,0.12,0.1,0.14,0.15,0.1,0.11,0.06,0.08,0.06
203,Sales,Abrasive Sales,Large Direct Sales,% Large Direct Revenue,%,0.28,0.19,0.16,0.13,0.22,0.4,0.33,0.33,0.43,0.42,0.4,0.54,0.23,0.33,0.35
204,Sales,Abrasive Sales,Medium Direct Sales,Medium Direct Orders,Orders,8,9,11,12,9,6,8,10,12,13,12,8,11,8,26
205,Sales,Abrasive Sales,Medium Direct Sales,Medium Direct Tons,Tons,23,34,33,53,45,7.25,15,24,37,30,31,14,16,16,41
206,Sales,Abrasive Sales,Medium Direct Sales,Medium Direct Revenue,$,15680,23100,27520,35440,29520,5140,12000,19285,27364,25908,24870,11501,16686,14241,34909
207,Sales,Abrasive Sales,Medium Direct Sales,Medium Direct Tons/Order,Tons/Order,2.88,3.78,3,4.42,5,1.21,1.88,2.4,3.08,2.31,2.58,1.75,1.45,2,1.58
208,Sales,Abrasive Sales,Medium Direct Sales,Medium Direct Revenue/Order,$/Order,1960,2566.67,2501.82,2953.33,3280,856.67,1500,1928.5,2280.33,1992.92,2072.5,1437.63,1516.91,1780.13,1342.65
209,Sales,Abrasive Sales,Medium Direct Sales,Medium Direct Avg Price,$/lb,0.34,0.34,0.42,0.33,0.33,0.35,0.4,0.4,0.37,0.43,0.4,0.41,0.52,0.45,0.43
210,Sales,Abrasive Sales,Medium Direct Sales,Medium Direct Avg GM,$/lb,0.21,0.11,0.28,0.14,0.16,0.19,0.23,0.23,0.19,0.28,0.15,0.13,0.28,0.27,0.2
211,Sales,Abrasive Sales,Medium Direct Sales,Medium Direct Avg OM,$/lb,-0.1,-0.08,0.14,-0.03,0.05,0.02,0.12,0.12,0.07,0.2,-0.01,-0.14,0.12,0.13,0.08
212,Sales,Abrasive Sales,Medium Direct Sales,% Medium Direct Avg GM,%,0.6,0.32,0.66,0.43,0.48,0.53,0.58,0.56,0.5,0.65,0.37,0.33,0.53,0.62,0.47
213,Sales,Abrasive Sales,Medium Direct Sales,% Medium Direct Avg OM,%,-0.29,-0.24,0.34,-0.1,0.15,0.06,0.31,0.3,0.2,0.46,-0.02,-0.33,0.24,0.28,0.18
214,Sales,Abrasive Sales,Medium Direct Sales,% Medium Direct Orders,%,0.13,0.15,0.17,0.15,0.11,0.08,0.11,0.1,0.13,0.12,0.13,0.1,0.09,0.07,0.14
215,Sales,Abrasive Sales,Medium Direct Sales,% Medium Direct Revenue,%,0.11,0.11,0.08,0.12,0.07,0.01,0.03,0.05,0.06,0.05,0.07,0.04,0.04,0.04,0.08
216,Sales,Abrasive Sales,Small Direct Sales,Small Direct Orders,Orders,21,21,14,22,14,10,17,26,30,29,25,26,58,62,116
217,Sales,Abrasive Sales,Small Direct Sales,Small Direct Tons,Tons,2.1,1.98,1.93,2.13,1.78,2.5,2.5,5.73,4.55,2.6,1.35,2,3.98,3.98,8.2
218,Sales,Abrasive Sales,Small Direct Sales,Small Direct Revenue,$,2524.95,2452.4,1986.35,2680.4,2119.55,2531.7,2518.35,7264,5188,4341.5,2247,3561.8,6375.8,6954.7,14612.3
219,Sales,Abrasive Sales,Small Direct Sales,Small Direct Tons/Order,Tons/Order,0.1,0.09,0.14,0.1,0.13,0.25,0.15,0.22,0.15,0.09,0.05,0.08,0.07,0.06,0.07
220,Sales,Abrasive Sales,Small Direct Sales,Small Direct Revenue/Order,$/Order,120.24,116.78,141.88,121.84,151.4,253.17,148.14,279.38,172.93,149.71,89.88,136.99,109.93,112.17,125.97
221,Sales,Abrasive Sales,Small Direct Sales,Small Direct Avg Price,$/lb,0.6,0.62,0.52,0.63,0.6,0.51,0.5,0.63,0.57,0.83,0.83,0.89,0.8,0.87,0.89
222,Sales,Abrasive Sales,Small Direct Sales,Small Direct Avg GM,$/lb,0.47,0.39,0.38,0.44,0.43,0.34,0.34,0.46,0.39,0.68,0.58,0.61,0.56,0.7,0.67
223,Sales,Abrasive Sales,Small Direct Sales,Small Direct Avg OM,$/lb,0.16,0.2,0.24,0.26,0.32,0.17,0.23,0.35,0.27,0.6,0.42,0.34,0.4,0.56,0.54
224,Sales,Abrasive Sales,Small Direct Sales,% Small Direct Avg GM,%,0.78,0.63,0.73,0.7,0.72,0.67,0.67,0.72,0.68,0.82,0.69,0.69,0.69,0.8,0.75
225,Sales,Abrasive Sales,Small Direct Sales,% Small Direct Avg OM,%,0.27,0.32,0.46,0.42,0.53,0.34,0.45,0.56,0.48,0.72,0.51,0.39,0.5,0.64,0.61
226,Sales,Abrasive Sales,Small Direct Sales,% Small Direct Orders,%,0.34,0.35,0.22,0.28,0.17,0.14,0.23,0.27,0.33,0.26,0.27,0.33,0.46,0.56,0.62
227,Sales,Abrasive Sales,Small Direct Sales,% Small Direct Revenue,%,0.02,0.01,0.01,0.01,0,0.01,0.01,0.02,0.01,0.01,0.01,0.01,0.01,0.02,0.03
228,Sales,Abrasive Sales,KinetiX Sales,KX Orders,Orders,22,30,33,39,45,46,39,61,48,53,52,38,40,37,54
229,Sales,Abrasive Sales,KinetiX Sales,KX Tons,Tons,142.68,290.03,308.45,347,512.75,464.6,453.55,541.9,533.08,594.58,503.38,350.65,392.53,419.75,298.38
230,Sales,Abrasive Sales,KinetiX Sales,KX Revenue,$,73621,147228.5,154236,186357,269512,259570,249708,305238,302839,334383,279210,198214.8,207412,238023,170190.8
231,Sales,Abrasive Sales,KinetiX Sales,KX Tons/Order,Tons/Order,6.49,9.67,9.35,8.9,11.39,10.1,11.63,8.88,11.11,11.22,9.68,9.23,9.81,11.34,5.53
232,Sales,Abrasive Sales,KinetiX Sales,KX Revenue/Order,$/Order,3346.41,4907.62,4673.82,4778.38,5989.16,5642.83,6402.77,5003.9,6309.15,6309.11,5369.42,5216.18,5185.3,6433.05,3151.68
233,Sales,Abrasive Sales,KinetiX Sales,KX Avg Price,$/lb,0.26,0.25,0.25,0.27,0.26,0.28,0.28,0.28,0.28,0.28,0.28,0.28,0.26,0.28,0.29
234,Sales,Abrasive Sales,KinetiX Sales,KX Avg GM,$/lb,0.12,0.02,0.11,0.08,0.09,0.11,0.11,0.11,0.1,0.13,0.02,0.01,0.02,0.11,0.06
235,Sales,Abrasive Sales,KinetiX Sales,KX Avg OM,$/lb,-0.18,-0.17,-0.03,-0.1,-0.02,-0.05,0,0,-0.01,0.05,-0.13,-0.26,-0.13,-0.04,-0.07
236,Sales,Abrasive Sales,KinetiX Sales,% KX Avg GM,%,0.48,0.09,0.44,0.29,0.36,0.4,0.4,0.37,0.35,0.47,0.08,0.02,0.07,0.4,0.21
237,Sales,Abrasive Sales,KinetiX Sales,% KX Avg OM,%,-0.7,-0.65,-0.1,-0.36,-0.07,-0.19,-0.01,0,-0.05,0.17,-0.47,-0.93,-0.51,-0.12,-0.23
238,Sales,Abrasive Sales,KinetiX Sales,% KX Orders,%,0.35,0.5,0.51,0.49,0.56,0.62,0.53,0.64,0.52,0.48,0.56,0.48,0.32,0.33,0.29
239,Sales,Abrasive Sales,KinetiX Sales,% KX Tons,%,0.55,0.71,0.51,0.62,0.63,0.73,0.66,0.76,0.76,0.64,0.8,0.79,0.51,0.66,0.39
240,Sales,Abrasive Sales,KinetiX Sales,% KX Revenue,%,0.52,0.71,0.47,0.61,0.6,0.7,0.6,0.73,0.72,0.62,0.77,0.75,0.46,0.63,0.38
241,Sales,Abrasive Sales,KinetiX Sales,KX Distributor Revenue,$,61486,127628,140813,156122,228374,144762,173748,205304,169848,163911,158826,90408,150828,140572,70814
242,Sales,Abrasive Sales,KinetiX Sales,KX Large Direct Revenue,$,0,0,0,0,13640,109560,68200,84040,109120,155716,104852,101728,50864,85668,79420
243,Sales,Abrasive Sales,KinetiX Sales,KX Medium Direct Revenue,$,11980,19260,12840,30040,27300,4420,6700,12620,22444,13960,15180,5384,5196,10246,16434
244,Sales,Abrasive Sales,KinetiX Sales,KX Small Direct Revenue,$,155,340.5,583,195,198,828,1060,3274,1427,796,352,694.8,524,1537,3522.8
245,Sales,Abrasive Sales,KinetiX Sales,KX Online Revenue,$,0,0,0,0,0,0,1440,160,64,224,1160,572.8,1056,2865,2929.8
246,Sales,Abrasive Sales,KinetiX Sales,KX Offline Revenue,$,73621,147228.5,154236,186357,269512,259570,248268,305078,302775,334159,278050,197642,206356,235158,167261
247,Sales,Abrasive Sales,KinetiX Sales,KX First Revenue,$,0,1355.5,4220,0,198,14760,360,2392,1728,16421,2448,2516.8,1152,5705,7843
248,Sales,Abrasive Sales,KinetiX Sales,KX Repeat Revenue,$,73621,145873,150016,186357,269314,244810,249348,302846,301111,317962,276762,195698,206260,232318,162347.8
249,Sales,Abrasive Sales,DynamiX Sales,DX Orders,Orders,5,4,14,11,12,7,5,12,10,17,9,8,17,11,30
250,Sales,Abrasive Sales,DynamiX Sales,DX Tons,Tons,87,105,241,192.5,278,132,142,138.55,121.08,295.05,100.1,76.1,251.7,184.1,410.8
251,Sales,Abrasive Sales,DynamiX Sales,DX Revenue,$,47160,49620,124860,101804,164000,74230,78860,78853,72537,158420,56130,43637,136540.5,101032,224668
252,Sales,Abrasive Sales,DynamiX Sales,DX Tons/Order,Tons/Order,17.4,26.25,17.21,17.5,23.17,18.86,28.4,11.55,12.11,17.36,11.12,9.51,14.81,16.74,13.69
253,Sales,Abrasive Sales,DynamiX Sales,DX Revenue/Order,$/Order,9432,12405,8918.57,9254.91,13666.67,10604.29,15772,6571.08,7253.7,9318.82,6236.67,5454.63,8031.79,9184.73,7488.93
254,Sales,Abrasive Sales,DynamiX Sales,DX Avg Price,$/lb,0.27,0.24,0.26,0.26,0.29,0.28,0.28,0.28,0.3,0.27,0.28,0.29,0.27,0.27,0.27
255,Sales,Abrasive Sales,DynamiX Sales,DX Avg GM,$/lb,0.14,0,0.12,0.08,0.13,0.11,0.11,0.11,0.11,0.12,0.03,0.01,0.03,0.1,0.05
256,Sales,Abrasive Sales,DynamiX Sales,DX Avg OM,$/lb,-0.17,-0.18,-0.02,-0.1,0.01,-0.05,0,0,0,0.03,-0.13,-0.26,-0.13,-0.04,-0.08
257,Sales,Abrasive Sales,DynamiX Sales,% DX Avg GM,%,0.5,0.02,0.46,0.28,0.43,0.4,0.4,0.38,0.38,0.44,0.09,0.04,0.1,0.38,0.18
258,Sales,Abrasive Sales,DynamiX Sales,% DX Avg OM,%,-0.62,-0.78,-0.07,-0.39,0.05,-0.18,0,0.01,0.01,0.13,-0.46,-0.91,-0.47,-0.16,-0.28
259,Sales,Abrasive Sales,DynamiX Sales,% DX Orders,%,0.08,0.07,0.22,0.14,0.15,0.09,0.07,0.13,0.11,0.15,0.1,0.1,0.13,0.1,0.16
260,Sales,Abrasive Sales,DynamiX Sales,% DX Tons,%,0.34,0.26,0.4,0.35,0.34,0.21,0.21,0.19,0.17,0.32,0.16,0.17,0.33,0.29,0.54
261,Sales,Abrasive Sales,DynamiX Sales,% DX Revenue,%,0.33,0.24,0.38,0.34,0.36,0.2,0.19,0.19,0.17,0.3,0.16,0.17,0.3,0.27,0.5
262,Sales,Abrasive Sales,DynamiX Sales,DX Distributor Revenue,$,6840,9300,71100,61104,76160,33190,11660,24120,0,91150,11660,0,81772.5,60500,141240
263,Sales,Abrasive Sales,DynamiX Sales,DX Large Direct Revenue,$,40320,40320,53760,40320,87840,40320,67200,53760,70480,67200,40320,40320,53760,40320,78400
264,Sales,Abrasive Sales,DynamiX Sales,DX Medium Direct Revenue,$,0,0,0,0,0,720,0,760,1240,0,4010,3177,760,0,3960
265,Sales,Abrasive Sales,DynamiX Sales,DX Small Direct Revenue,$,0,0,0,380,0,0,0,213,817,70,140,140,248,212,1068
266,Sales,Abrasive Sales,DynamiX Sales,DX Online Revenue,$,0,0,0,0,0,0,0,140,350,70,140,1037,210,212,742
267,Sales,Abrasive Sales,DynamiX Sales,DX Offline Revenue,$,47160,49620,124860,101804,164000,74230,78860,78713,72187,158350,55990,42600,136330.5,100820,223926
268,Sales,Abrasive Sales,DynamiX Sales,DX First Revenue,$,0,0,0,0,15840,720,0,935,17127,680,2420,105,70,106,1374
269,Sales,Abrasive Sales,DynamiX Sales,DX Repeat Revenue,$,47160,49620,124860,101804,148160,73510,78860,77918,55410,157740,53710,43532,136470.5,100926,223294
270,Sales,Abrasive Sales,EpiX Sales,EX Orders,Orders,37,26,21,33,24,21,30,31,35,44,36,33,75,68,109
271,Sales,Abrasive Sales,EpiX Sales,EX Tons,Tons,28.23,11.6,56.03,15.75,19.65,41.8,96.1,35.53,48.48,41.75,24.35,19.43,126.23,35.33,47.33
272,Sales,Abrasive Sales,EpiX Sales,EX Revenue,$,22171.45,10406.9,46823.35,15366.9,19019.55,38842.7,87861.35,36002,45954.5,43270,25372.5,20684.5,110146.2,37855.2,53056
273,Sales,Abrasive Sales,EpiX Sales,EX Tons/Order,Tons/Order,0.76,0.45,2.67,0.48,0.82,1.99,3.2,1.15,1.39,0.95,0.68,0.59,1.68,0.52,0.43
274,Sales,Abrasive Sales,EpiX Sales,EX Revenue/Order,$/Order,599.23,400.27,2229.68,465.66,792.48,1849.65,2928.71,1161.35,1312.99,983.41,704.79,626.8,1468.62,556.69,486.75
275,Sales,Abrasive Sales,EpiX Sales,EX Avg Price,$/lb,0.39,0.45,0.42,0.49,0.48,0.46,0.46,0.51,0.47,0.52,0.52,0.53,0.44,0.54,0.56
276,Sales,Abrasive Sales,EpiX Sales,EX Avg GM,$/lb,0.26,0.22,0.28,0.3,0.31,0.3,0.29,0.33,0.29,0.37,0.27,0.26,0.19,0.36,0.34
277,Sales,Abrasive Sales,EpiX Sales,EX Avg OM,$/lb,-0.05,0.03,0.14,0.12,0.2,0.13,0.18,0.22,0.18,0.28,0.11,-0.01,0.04,0.22,0.21
278,Sales,Abrasive Sales,EpiX Sales,% EX Avg GM,%,0.66,0.48,0.67,0.61,0.65,0.64,0.64,0.65,0.61,0.71,0.51,0.48,0.44,0.68,0.6
279,Sales,Abrasive Sales,EpiX Sales,% EX Avg OM,%,-0.12,0.06,0.34,0.25,0.42,0.29,0.39,0.44,0.37,0.55,0.22,-0.03,0.09,0.41,0.38
280,Sales,Abrasive Sales,EpiX Sales,% EX Orders,%,0.6,0.43,0.32,0.41,0.3,0.28,0.41,0.32,0.38,0.4,0.39,0.42,0.6,0.61,0.59
281,Sales,Abrasive Sales,EpiX Sales,% EX Tons,%,0.11,0.03,0.09,0.03,0.02,0.07,0.14,0.05,0.07,0.04,0.04,0.04,0.16,0.06,0.06
282,Sales,Abrasive Sales,EpiX Sales,% EX Revenue,%,0.16,0.05,0.14,0.05,0.04,0.1,0.21,0.09,0.11,0.08,0.07,0.08,0.24,0.1,0.12
283,Sales,Abrasive Sales,EpiX Sales,EX Distributor Revenue,$,16101.5,4455,30740,7861.5,14878,37139,81103,26320,39330.5,27846.5,17937.5,15017.5,93812.4,28654.5,28519.5
284,Sales,Abrasive Sales,EpiX Sales,EX Large Direct Revenue,$,0,0,0,0,0,0,0,0,0,0,0,0,0,0,0
285,Sales,Abrasive Sales,EpiX Sales,EX Medium Direct Revenue,$,3700,3840,14680,5400,2220,0,5300,5905,3680,11948,5680,2940,10730,3995,14515
286,Sales,Abrasive Sales,EpiX Sales,EX Small Direct Revenue,$,2369.95,2111.9,1403.35,2105.4,1921.55,1703.7,1458.35,3777,2944,3475.5,1755,2727,5603.8,5205.7,10021.5
287,Sales,Abrasive Sales,EpiX Sales,EX Online Revenue,$,0,0,0,0,0,0,103.9,5142,2260,6125.5,4526,3918,8334.8,6145.7,16667.5
288,Sales,Abrasive Sales,EpiX Sales,EX Offline Revenue,$,22171.45,10406.9,46823.35,15366.9,19019.55,38842.7,87757.45,30860,43694.5,37144.5,20846.5,16766.5,101811.4,31709.5,36388.5
289,Sales,Abrasive Sales,EpiX Sales,EX First Revenue,$,671.45,567.5,621.2,2801.4,2361.65,51.95,422.9,6093,3466,6937.5,3332,1720,4767.8,4569.7,14669.9
290,Sales,Abrasive Sales,EpiX Sales,EX Repeat Revenue,$,21500,9839.4,46202.15,12565.5,16657.9,38790.75,87438.45,29909,42488.5,36332.5,22040.5,18964.5,105378.4,33285.5,38386.1
291,Costs,Sales,Sales Expenses,Allredi CA,$,1042.77,0,0,0,0,1895.71,0,0,0,1573.98,0,0,0,497.17,661.74
292,Costs,Sales,Sales Expenses,Allredi US,$,3150.15,-224.87,0,1084.4,1039.24,0,76.09,1816.37,4787.27,887.41,2784.41,0,0,0,0
293,Costs,Sales,Sales Expenses,BTNW,$,0,0,1196.97,0,3930.49,0,0,0,0,0,882.4,0,0,0,0
294,Costs,Sales,Sales Expenses,Canoa,$,2425.08,6552.67,59.68,2095.9,1917.94,235.45,0,10.1,3.37,0,4.98,0,0,0,53.95
295,Costs,Sales,Sales Expenses,PPG,$,0,0,0,0,0,0,628.98,365.82,908.1,0,0,1594.73,219.11,0,0
296,Costs,Sales,Sales Expenses,Distributor Sales Expenses,$,6618,6327.8,1256.65,3180.3,6887.67,2131.16,705.07,2192.29,5698.74,2461.39,3671.79,1594.73,219.11,497.17,715.69
297,Costs,Sales,Sales Expenses,Direct Sales Expenses,$,1716.47,2707.59,2890.98,0,514.19,0,2414.53,0,1650.31,1857.74,1932.02,3242.08,3684.7,2747.79,1154.11
298,Costs,Sales,Sales Expenses,Sales Coaching Expenses,$,0,0,13277.5,15652.5,13167.5,20559,12374.15,17435.84,16659.65,21341.63,17438.15,9532.7,5915.27,7961.55,8271.5
299,Costs,Sales,Sales Expenses,Total Sales Expenses,$,8334.47,9035.39,17425.13,18832.8,20569.36,22690.16,15493.75,19628.13,24008.7,25660.76,23041.96,14369.51,9819.08,11206.51,10141.3
300,Costs,Sales,Sales Expenses,Unit Distributor Sales Expenses,$,0.01,0.01,0,0,0,0,0,0,0,0,0,0,0,0,0
301,Costs,Sales,Sales Expenses,Unit Direct Sales Expenses,$,0,0,0,0,0,0,0,0,0,0,0,0,0,0,0
302,Costs,Sales,Sales Expenses,Unit Sales Coaching Expenses,$,0,0,0.01,0.01,0.01,0.02,0.01,0.01,0.01,0.01,0.01,0.01,0,0.01,0.01
303,Costs,Sales,Sales Expenses,Unit Total Sales Expenses,$,0.02,0.01,0.01,0.02,0.01,0.02,0.01,0.01,0.02,0.01,0.02,0.02,0.01,0.01,0.01
304,Costs,Sales,Sales Expenses,% Distributor Sales Expenses,%,0.79,0.7,0.3,1,0.93,1,0.23,1,0.78,0.57,0.66,0.33,0.06,0.15,0.38
305,Costs,Sales,Sales Expenses,% Direct Sales Expenses,%,0.21,0.3,0.7,0,0.07,0,0.77,0,0.22,0.43,0.34,0.67,0.94,0.85,0.62
306,Costs,Sales,Sales Expenses,% Sales Coaching Expenses,%,0,0,0.76,0.83,0.64,0.91,0.8,0.89,0.69,0.83,0.76,0.66,0.6,0.71,0.82
307,Costs,Marketing,Marketing Expenses,WebFX Fees,$,500,500,500,500,500,500,500,1000,1475,1475,1475,1475,1475,1475,1475
308,Costs,Marketing,Marketing Expenses,WebFX Services,$,0,0,0,0,0,0,0,0,0,0,254.9,0,528,1650,3217.5
309,Costs,Marketing,Marketing Expenses,SEO,$,3308.53,3281.99,3281.99,3470.99,3270,3778.86,3394.52,7544.89,9700.63,7435.99,7551.94,29601.47,16861.99,17600,15174.49
310,Costs,Marketing,Marketing Expenses,PPC Fee,$,975,975,975,975,975,0,0,0,975,1053.89,1381.78,1697.26,1824.87,1919.69,1973.07
311,Costs,Marketing,Marketing Expenses,Google Ads,$,1302.57,2038.35,1944.09,938.89,265.01,0,0,3000,6340.47,8522.05,8000,11839.02,10551.93,11239.03,10621.37
312,Costs,Marketing,Marketing Expenses,Microsoft Ads,$,0,0,0,0,0,0,0,0,0,0,0,1055.87,6363.82,7010.75,10010.04
313,Costs,Marketing,Marketing Expenses,AdTechFX,$,0,0,0,0,0,0,0,0,0,500.02,500.03,0,1599.8,0,1499.7
314,Costs,Marketing,Marketing Expenses,CRO,$,0,0,0,0,0,0,0,0,0,0,0,3600,1800,1800,3600
315,Costs,Marketing,Marketing Expenses,Geofencing,$,0,0,0,0,0,0,0,0,0,0,0,0,0,0,965.7
316,Costs,Marketing,Marketing Expenses,Online Store,$,0,0,0,0,3125,3125,3125,1950,150,0,0,0,0,0,0
317,Costs,Marketing,Marketing Expenses,Website,$,240,20,71,910.12,1086.19,0,597,32,32,224,57,119.69,1617.36,862.44,669.48
318,Costs,Marketing,Marketing Expenses,Advertising,$,0,0,0,0,0,1750,0,1476.57,573.62,2240.41,0,442.65,2401.55,1228.31,610.72
319,Costs,Marketing,Marketing Expenses,Conferences,$,1173.76,4121.08,3544.48,0,0,0,0,436.38,377.96,2116.74,4094.08,1088.88,2870.63,8211.46,279.19
320,Costs,Marketing,Marketing Expenses,Webinars,$,109,109,834.38,0,0,500,0,0,0,1551.72,0,0,0,0,1022.13
321,Costs,Marketing,Marketing Expenses,Total Digital Marketing,$,6326.1,6815.34,6772.08,6795,9221.2,7403.86,7616.52,13526.89,18673.1,19210.95,19220.65,49388.31,42622.77,43556.91,49206.35
322,Costs,Marketing,Marketing Expenses,General Marketing,$,1282.76,4230.08,4378.86,0,0,2250,0,1912.95,951.58,5908.87,4094.08,1531.53,5272.18,9439.77,1912.04
323,Costs,Marketing,Marketing Expenses,Total Marketing Expenses,$,7608.86,11045.42,11150.94,6795,9221.2,9653.86,7616.52,15439.84,19624.68,25119.82,23314.73,50919.84,47894.95,52996.68,51118.39
324,Costs,Marketing,Marketing Expenses,Unit Digital Marketing Expenses,$,0.01,0.01,0.01,0.01,0.01,0.01,0.01,0.01,0.01,0.01,0.02,0.06,0.03,0.03,0.03
325,Costs,Marketing,Marketing Expenses,Unit General Marketing Expenses,$,0,0.01,0,0,0,0,0,0,0,0,0,0,0,0.01,0
326,Costs,Marketing,Marketing Expenses,Unit Total Marketing Expenses,$,0.01,0.01,0.01,0.01,0.01,0.01,0.01,0.01,0.01,0.01,0.02,0.06,0.03,0.04,0.03
327,Costs,Marketing,Marketing Expenses,% Digital Marketing Expenses,%,0.831,0.617,0.607,1,1,0.767,1,0.876,0.952,0.765,0.824,0.97,0.89,0.822,0.963
328,Costs,Marketing,Marketing Expenses,% General Marketing Expenses,%,0.169,0.383,0.393,0,0,0.233,0,0.124,0.048,0.235,0.176,0.03,0.11,0.178,0.037
329,Costs,Marketing,Marketing Expenses,Owens Corning Shot Received,Tons, -   , -   , -   , -   , -   , -   , -   , -   , -   , -   , -   , -   , -   , -   , -   
330,Costs,Marketing,Marketing Expenses,Isolatek Shot Received,Tons,875,"1,081",378,"1,371",592,620,519,"1,394","1,057",856,802,497,400,683,667
331,Costs,Marketing,Marketing Expenses,Red Wing Shot Received,Tons, -   , -   ,49,145,243,119,291,196,267,465,583,752,954,691,332
332,Costs,Marketing,Marketing Expenses,Walworth Shot Received,Tons,165,121,91,74,141,122,26,99,74,76,123,48,25,98,99
333,Costs,Marketing,Marketing Expenses,Total Shot Received,Tons,"1,040","1,203",518,"1,591",976,862,836,"1,689","1,399","1,397","1,508","1,296","1,379","1,472","1,098"
334,Costs,Marketing,Marketing Expenses,Owens Corning Shot Processed,Tons,511, -   , -   , -   , -   , -   , -   , -   , -   , -   , -   , -   , -   , -   , -   
335,Costs,Marketing,Marketing Expenses,Isolatek Shot Processed,Tons,799,945,896,938,817,606,"1,036","1,175","1,352","1,235",591,754,742,482,766
336,Costs,Marketing,Marketing Expenses,Red Wing Shot Processed,Tons, -   , -   , -   ,69,115,266,154,237,277,522,569,516,644,794,705
337,Costs,Marketing,Marketing Expenses,Walworth Shot Processed,Tons,94,173,198,127,65,86,67, -   , -   ,132,248,121, -   ,153,75
338,Costs,Marketing,Marketing Expenses,Total Shot Processed,Tons,"1,405","1,119","1,094","1,133",997,958,"1,257","1,412","1,629","1,890","1,407","1,392","1,386","1,429","1,546"
339,Costs,Marketing,Marketing Expenses,Gross Operating Hours,Tons,111,110,106,111,99,96,122,125,146,173,143,139,156,164,171
340,Costs,Marketing,Marketing Expenses,Net Operating Hours,Tons,108,102,100,102,94,91,118,120,135,161,137,130,140,143,155
341,Costs,Marketing,Marketing Expenses,Scrap,Tons,941,599,541,597,505,469,665,769,976,"1,148",864,901,753,777,684
342,Costs,Marketing,Marketing Expenses,Finished Goods,Tons,582,525,529,539,500,497,652,643,712,867,614,560,628,666,743
343,Costs,Marketing,Marketing Expenses,Tons per Net Hour,Ton/hr,5.39,5.15,5.31,5.28,5.34,5.46,5.52,5.37,5.28,5.39,4.48,4.31,4.49,4.66,4.79
344,Costs,Marketing,Marketing Expenses,Tons per Gross Hour,Ton/hr,5.24,4.77,5.02,4.88,5.05,5.2,5.36,5.16,4.88,5.03,4.31,4.04,4.03,4.06,4.35
345,Costs,Marketing,Marketing Expenses,Uptime,%,0.971,0.927,0.945,0.924,0.944,0.953,0.971,0.962,0.925,0.932,0.962,0.939,0.897,0.87,0.908
346,Costs,Marketing,Marketing Expenses,Yield,%,0.415,0.469,0.484,0.476,0.501,0.519,0.519,0.455,0.437,0.459,0.437,0.402,0.453,0.466,0.481
347,Costs,Marketing,Marketing Expenses,OEE,%,0.843,0.831,0.918,0.857,0.955,1.029,1.081,0.904,0.789,0.86,0.724,0.611,0.655,0.658,0.759
348,Costs,Marketing,Marketing Expenses,Shot Received Less Processed,Tons,-365,84,-576,457,-21,-97,-420,276,-230,-493,101,-96,-7,43,-448
349,Costs,Marketing,Marketing Expenses,% Finished Goods Sold,%,0.443,0.775,1.144,1.03,1.622,1.285,1.061,1.114,0.986,1.074,1.022,0.796,1.227,0.96,1.018
