UID,Metric Group,Metric Category,Metric Type,Metric Name,Unit,1/31/2024,2/29/2024,3/31/2024,4/30/2024,5/31/2024,6/30/2024,7/31/2024,8/31/2024,9/30/2024,10/31/2024,11/30/2024,12/31/2024,1/31/2025,2/28/2025,3/31/2025,4/30/2025,5/31/2025,,,,,,,,
1,Accounting,Income Statement,Income,Offline Abrasive Revenue,$,"$147,932 ","$188,535 ","$326,387 ","$302,709 ","$452,103 ","$367,283 ","$427,527 ","$414,994 ","$418,657 ","$529,654 ","$352,392 ","$257,009 ","$444,498 ","$368,038 ","$430,437 ","$364,774 ","$609,413 ",,,,,,,,
2,Accounting,Income Statement,Income,Online Abrasive Revenue,$,"$1,247 ","$1,347 ",$381 ,$862 ,$429 ,$80 ,"($9,964)","$5,554 ","$2,674 ","$6,420 ","$8,421 ","$5,528 ","$9,601 ","$9,223 ","$17,758 ","$21,124 ",$0 ,,,,,,,,
3,Accounting,Income Statement,Income,Equipment Resale Revenue,$,$0 ,$0 ,$0 ,$0 ,$695 ,$0 ,"$10,453 ",$0 ,"$5,888 ",$384 ,"$3,756 ",($394),$0 ,$211 ,"$5,666 ","$17,047 ","$1,276 ",,,,,,,,
4,Accounting,Income Statement,Income,Non-Abrasive Revenue,$,$300 ,$0 ,$0 ,$575 ,$0 ,$0 ,$0 ,$0 ,$0 ,$0 ,$75 ,$0 ,$900 ,"$2,167 ",$256 ,$608 ,$115 ,,,,,,,,
5,Accounting,Income Statement,Income,Shipping Revenue,$,"$23,824 ","$34,561 ","$28,448 ","$39,934 ","$57,267 ","$42,009 ","$55,432 ","$60,587 ","$43,204 ","$84,567 ","$54,850 ","$37,397 ","$43,700 ","$54,075 ","$53,326 ","$32,428 ","$63,830 ",,,,,,,,
6,Accounting,Income Statement,Income,Sales Tax Payable,$,$0 ,$0 ,$0 ,$0 ,($370),"($2,028)",$0 ,($565),($315),($530),($633),"($1,004)",($383),($425),"($1,527)",($355),$0 ,,,,,,,,
7,Accounting,Income Statement,Income,Tip Fee Revenue,$,"$2,414 ","$1,918 ",$914 ,$743 ,$713 ,"$1,454 ",$952 ,$986 ,$986 ,$761 ,"$1,234 ",$478 ,$249 ,$982 ,$994 ,$500 ,$0 ,,,,,,,,
8,Accounting,Income Statement,Income,Total Revenue,$,"$175,718 ","$226,361 ","$356,130 ","$344,822 ","$510,836 ","$408,797 ","$484,398 ","$481,556 ","$471,093 ","$621,255 ","$420,094 ","$299,013 ","$498,564 ","$434,270 ","$506,910 ","$436,126 ","$674,634 ",,,,,,,,
9,Accounting,Income Statement,Cost of Goods Sold,Process Labor,$,"$70,701 ","$56,575 ","$62,343 ","$60,716 ","$62,900 ","$58,091 ","$64,616 ","$65,074 ","$86,473 ","$78,567 ","$82,756 ","$77,554 ","$82,000 ","$76,601 ","$81,587 ","$67,725 ","$56,490 ",,,,,,,,
10,Accounting,Income Statement,Cost of Goods Sold,Raw Material,$,"$5,611 ","$14,850 ","$7,307 ","$10,974 ","$43,462 ","$11,828 ","$16,412 ","$41,627 ","$9,095 ","$45,503 ","$67,254 ","$85,516 ","$60,096 ","$19,841 ","$139,163 ","$34,971 ","$89,815 ",,,,,,,,
11,Accounting,Income Statement,Cost of Goods Sold,Shipping,$,"$31,960 ","$44,158 ","$37,451 ","$44,282 ","$55,457 ","$56,468 ","$62,381 ","$67,094 ","$83,222 ","$48,888 ","$84,560 ","$49,327 ","$32,434 ","$36,324 ","$51,637 ","$81,625 ","$77,318 ",,,,,,,,
12,Accounting,Income Statement,Cost of Goods Sold,Packaging,$,$931 ,"$18,972 ","$6,075 ","$24,849 ","$6,300 ","$28,721 ","$19,721 ","$13,682 ","$32,928 ","$36,498 ","$16,208 ","$1,515 ","$64,260 ","$41,302 ","$2,934 ","$33,740 ","$64,138 ",,,,,,,,
13,Accounting,Income Statement,Cost of Goods Sold,Maintenance,$,"$9,526 ","$20,273 ","$5,362 ","$26,674 ","$15,150 ","$11,975 ","$20,505 ","$8,731 ","$12,530 ","$21,745 ","$15,466 ","$21,703 ","$59,076 ","$18,667 ","$17,440 ","$37,782 ","$21,153 ",,,,,,,,
14,Accounting,Income Statement,Cost of Goods Sold,Equipment Resale COGS,$,$0 ,$0 ,$0 ,$0 ,$0 ,$0 ,$0 ,"$10,247 ","$5,887 ",$926 ,"$3,246 ",$0 ,$890 ,$996 ,"$3,950 ","$10,744 ","$3,687 ",,,,,,,,
15,Accounting,Income Statement,Cost of Goods Sold,Waste,$,"$14,498 ","$29,467 ","$17,957 ","$22,602 ","$13,268 ","$10,223 ","$14,433 ","$19,493 ","$21,719 ","$19,204 ","$18,037 ","$28,299 ","$22,292 ","$17,150 ","$18,107 ","$25,841 ","$14,523 ",,,,,,,,
16,Accounting,Income Statement,Cost of Goods Sold,Inventory,$,"($71,501)","($4,882)","$24,131 ","$13,255 ","$71,211 ","$30,757 ","$26,195 ","$19,355 ",($8),"$20,456 ","$23,916 ","($26,253)","$45,782 ",($700),"$12,397 ","$1,363 ","$70,315 ",,,,,,,,
17,Accounting,Income Statement,Cost of Goods Sold,Utilities,$,"$7,837 ","$9,193 ","$8,724 ","$6,955 ","$6,221 ","$5,776 ","$6,092 ","$6,955 ","$7,640 ","$7,637 ","$7,961 ","$8,794 ","$11,269 ","$8,243 ","$12,734 ","$12,427 ","$15,015 ",,,,,,,,
18,Accounting,Income Statement,Cost of Goods Sold,Total COGS,$,"$69,563 ","$188,605 ","$169,351 ","$210,308 ","$273,968 ","$213,838 ","$230,355 ","$252,259 ","$259,486 ","$279,424 ","$319,402 ","$246,454 ","$378,100 ","$218,425 ","$339,950 ","$306,218 ","$412,454 ",,,,,,,,
19,Accounting,Income Statement,Gross Earnings,Gross Income,$,106155.1,37755.35,186779.87,134514.71,236868.33,194958.9,254043.02,229296.07,211607.56,341830.83,100692.15,52559.38,120464.76,215845.06,166959.11,129907.94,262179.48,,,,,,,,
20,Accounting,Income Statement,Gross Earnings,% Gross Income,%,$1 ,$0 ,$1 ,$0 ,$0 ,$0 ,$1 ,$0 ,$0 ,$1 ,$0 ,$0 ,$0 ,$0 ,$0 ,$0 ,$0 ,,,,,,,,
21,Accounting,Income Statement,SG&A Expenses,Professional Fees,$,"$52,208 ","$52,208 ","$52,208 ","$55,208 ","$53,928 ","$67,877 ","$52,208 ","$52,208 ","$56,176 ","$52,208 ","$52,208 ","$52,208 ","$52,208 ","$52,208 ","$52,208 ","$52,208 ","$52,208 ",,,,,,,,
22,Accounting,Income Statement,SG&A Expenses,Sales & Marketing,$,"$16,587 ","$21,302 ","$26,658 ","$25,508 ","$34,993 ","$35,453 ","$32,619 ","$34,496 ","$45,333 ","$48,650 ","$55,945 ","$69,730 ","$95,052 ","$76,033 ","$76,678 ","$86,480 ","$103,148 ",,,,,,,,
23,Accounting,Income Statement,SG&A Expenses,Overhead Labor,$,"$26,592 ","$28,706 ","$31,863 ","$31,730 ","$40,878 ","$30,954 ","$19,118 ","$14,859 ","$17,171 ","$14,862 ","$14,456 ","$14,450 ","$15,981 ","$13,968 ","$14,423 ","$15,564 ","$11,180 ",,,,,,,,
24,Accounting,Income Statement,SG&A Expenses,Benefits,$,"$20,711 ","$17,370 ","$14,201 ","$14,201 ","$14,201 ","$27,345 ","$18,160 ","$13,632 ","$13,633 ","$14,012 ","$16,253 ","$14,846 ","$17,047 ","$18,931 ","$13,573 ","$12,626 ","$30,953 ",,,,,,,,
25,Accounting,Income Statement,SG&A Expenses,Accounting,$,"$18,973 ","$7,574 ","$7,574 ","$7,724 ","$8,212 ","$7,974 ","$7,724 ","$7,724 ","$3,580 ","$3,580 ","$7,724 ","$7,724 ","$18,818 ","$10,574 ","$7,388 ","$10,639 ","$26,137 ",,,,,,,,
26,Accounting,Income Statement,SG&A Expenses,Equipment Rental,$,"$2,306 ","$8,544 ","$13,046 ","$5,055 ","$5,425 ","$5,067 ","$5,020 ","$12,498 ","$4,993 ","$11,445 ","$6,381 ","$8,119 ","$12,745 ","$1,951 ","$5,164 ","$5,077 ","$17,454 ",,,,,,,,
27,Accounting,Income Statement,SG&A Expenses,Tax,$,$0 ,$0 ,$0 ,"$27,139 ",$0 ,"$18,295 ",$0 ,$0 ,$0 ,$0 ,$0 ,"$46,744 ",$0 ,$0 ,"$1,356 ","$41,341 ",$0 ,,,,,,,,
28,Accounting,Income Statement,SG&A Expenses,Insurance,$,"$9,349 ","$9,183 ","$9,313 ","$9,302 ","$9,813 ","$5,890 ","$5,899 ","$5,936 ","$6,295 ","$1,877 ","$2,569 ","$1,895 ","$8,178 ","$3,463 ","$4,858 ","$6,909 ","$8,368 ",,,,,,,,
29,Accounting,Income Statement,SG&A Expenses,Office,$,"$4,641 ","$4,531 ","$4,301 ","$5,237 ","$5,600 ","$5,395 ","$4,626 ","$5,215 ","$6,024 ","$4,488 ","$4,967 ","$7,898 ","$6,597 ","$5,267 ","$8,385 ","$6,335 ","$4,920 ",,,,,,,,
30,Accounting,Income Statement,SG&A Expenses,Banking,$,"$1,952 ","$2,017 ","$2,419 ","$2,198 ","$3,270 ","$2,417 ","$5,542 ","$2,203 ","$3,400 ","$3,079 ","$4,172 ","$2,411 ","$2,455 ","$1,999 ","$3,681 ","$4,320 ","$2,489 ",,,,,,,,
31,Accounting,Income Statement,SG&A Expenses,R&D,$,$0 ,$0 ,$0 ,$0 ,$0 ,$0 ,$0 ,$0 ,$0 ,$0 ,"$25,564 ","$3,322 ",$0 ,"$2,172 ",$0 ,$0 ,"$1,548 ",,,,,,,,
32,Accounting,Income Statement,SG&A Expenses,Warehouse,$,"$1,142 ","$1,142 ","$1,142 ","$1,142 ","$1,142 ","$1,142 ","$1,142 ","$1,142 ","$1,142 ","$1,142 ","$3,142 ","$6,523 ","$4,664 ","$1,192 ","$1,142 ","$1,142 ","$1,187 ",,,,,,,,
33,Accounting,Income Statement,SG&A Expenses,Misc,$,"$1,668 ",$71 ,$735 ,"$6,658 ",$670 ,"$2,221 ",$528 ,"$1,459 ",$513 ,"$2,353 ",$15 ,"$4,412 ","$2,358 ","$1,139 ","$1,089 ","$1,338 ","$2,784 ",,,,,,,,
34,Accounting,Income Statement,SG&A Expenses,Legal,$,$680 ,$0 ,"$1,510 ","$5,533 ","$1,808 ",$0 ,$0 ,$0 ,$138 ,$0 ,$0 ,$784 ,$0 ,$0 ,$0 ,$0 ,"$4,690 ",,,,,,,,
35,Accounting,Income Statement,SG&A Expenses,Total Expenses,$,"$156,809 ","$152,649 ","$164,970 ","$196,635 ","$179,938 ","$210,032 ","$152,585 ","$151,372 ","$158,397 ","$157,696 ","$193,395 ","$241,067 ","$236,103 ","$188,897 ","$189,946 ","$243,979 ","$267,064 ",,,,,,,,
36,Accounting,Income Statement,Ordinary Earninjgs,Operating Income,$,-50654.39,-114893.43,21810.07,-62119.84,56930.01,-15072.66,101457.55,77924.31,53210.53,184134.76,-92702.73,-188507.91,-115638.49,26948.54,-22986.49,-114070.61,-4884.71,,,,,,,,
37,Accounting,Income Statement,Ordinary Earnings,Operating Margin,%,$0 ,($1),$0 ,$0 ,$0 ,$0 ,$0 ,$0 ,$0 ,$0 ,$0 ,($1),$0 ,$0 ,$0 ,$0 ,$0 ,,,,,,,,
38,Accounting,Income Statement,Other Income & Expenses,Other Income,$,"$1,000,000 ",$0 ,"$17,225 ",$0 ,$0 ,$0 ,$0 ,$0 ,$0 ,$0 ,$0 ,$0 ,$0 ,$0 ,$0 ,$0 ,$0 ,,,,,,,,
39,Accounting,Income Statement,Other Income & Expenses,Interest Income,$,$0 ,$0 ,$36 ,$0 ,$0 ,$36 ,$0 ,$0 ,$37 ,$0 ,$0 ,$37 ,$0 ,$0 ,$36 ,$0 ,$0 ,,,,,,,,
40,Accounting,Income Statement,Other Income & Expenses,Total Other Income,$,"$1,000,000 ",$0 ,"$17,262 ",$0 ,$0 ,$36 ,$0 ,$0 ,$37 ,$0 ,$0 ,$37 ,$0 ,$0 ,$36 ,$0 ,$0 ,,,,,,,,
41,Accounting,Income Statement,Other Income & Expenses,Interest Expense,$,"$7,617 ","$11,187 ","$21,381 ","$13,864 ","$13,317 ","$13,619 ","$13,053 ","$13,388 ","$13,247 ","$12,682 ","$13,001 ","$10,485 ","$10,797 ","$10,761 ","$17,589 ","$12,642 ","$12,124 ",,,,,,,,
42,Accounting,Income Statement,Other Income & Expenses,Depreciation,$,53174.75,53174.74,53174.75,53174.74,56282.43,53796.27,53960.82,53960.82,53960.82,53960.82,53960.82,55828.79,55090.41,55090.41,55090.41,55090.41,55090.41,,,,,,,,
43,Accounting,Income Statement,Other Income & Expenses,QOZ Penalty,$,"$5,587 ","$4,838 ","$4,285 ","$3,614 ","$4,005 ","$4,012 ","$4,522 ","$5,155 ","$5,022 ","$5,771 ","$4,766 ","$3,023 ","$2,309 ","$2,077 ","$2,256 ","$1,423 ",$0 ,,,,,,,,
44,Accounting,Income Statement,Other Income & Expenses,Total Other Expense,$,"$66,378.29 ","$69,199.43 ","$78,840.30 ","$70,652.71 ","$73,604.69 ","$71,427.59 ","$71,535.37 ","$72,503.97 ","$72,230.10 ","$72,413.94 ","$71,727.97 ","$69,336.78 ","$68,196.27 ","$67,928.71 ","$74,935.11 ","$69,155.17 ","$67,214.29 ",,,,,,,,
45,Accounting,Income Statement,Other Income & Expenses,Net Other Income,$,"$933,621.71 ","($69,199.43)","($61,578.63)","($70,652.71)","($73,604.69)","($71,391.39)","($71,535.37)","($72,503.97)","($72,193.50)","($72,413.94)","($71,727.97)","($69,300.17)","($68,196.27)","($67,928.71)","($74,899.18)","($69,155.17)","($67,214.29)",,,,,,,,
46,Accounting,Income Statement,Net Earnings,Net Income,$,"$882,967.32 ","($184,092.86)","($39,768.56)","($132,772.55)","($16,674.68)","($86,464.05)","$29,922.18 ","$5,420.34 ","($18,982.97)","$111,720.82 ","($164,430.70)","($257,808.08)","($183,834.76)","($40,980.17)","($97,885.67)","($183,225.78)","($72,099.00)",,,,,,,,
47,Accounting,Income Statement,Net Earnings,% Net Income,%,$5.03 ,($0.81),($0.11),($0.39),($0.03),($0.21),$0.06 ,$0.01 ,($0.04),$0.18 ,($0.39),($0.86),($0.37),($0.09),($0.19),($0.42),($0.11),,,,,,,,
48,Accounting,Income Statement,Net Earnings,EBITDA,$,"$943,758.61 ","($119,731.43)","$34,750.55 ","($65,733.84)","$52,925.01 ","($19,084.66)","$96,935.55 ","$72,769.31 ","$48,188.53 ","$178,363.76 ","($97,468.73)","($191,530.91)","($117,947.49)","$24,871.54 ","($25,242.49)","($115,493.61)","($4,884.71)",,,,,,,,
49,Accounting,Income Statement,Net Earnings,% EBITDA,%,$5.37 ,($0.53),$0.10 ,($0.19),$0.10 ,($0.05),$0.20 ,$0.15 ,$0.10 ,$0.29 ,($0.23),($0.64),($0.24),$0.06 ,($0.05),($0.27),($0.01),,,,,,,,
50,Accounting,Income Statement,Total Costs,Break-Even Revenue,$,"$292,750.33 ","$410,453.36 ","$395,935.15 ","$477,594.88 ","$527,511.10 ","$495,297.37 ","$454,476.26 ","$476,135.16 ","$490,113.06 ","$509,534.30 ","$584,525.01 ","$556,858.17 ","$682,399.06 ","$475,250.04 ","$604,831.12 ","$619,351.86 ","$746,732.51 ",,,,,,,,
51,Accounting,Unit Income Statement,Unit Income,Unit Offline Abrasive Revenue,$/lb,$0.29 ,$0.23 ,$0.27 ,$0.27 ,$0.28 ,$0.29 ,$0.31 ,$0.29 ,$0.30 ,$0.28 ,$0.28 ,$0.29 ,$0.29 ,$0.29 ,$0.28 ,$0.31 ,$0.31 ,,,,,,,,
52,Accounting,Unit Income Statement,Unit Income,Unit Online Abrasive Revenue,$/lb,$0.00 ,$0.00 ,$0.00 ,$0.00 ,$0.00 ,$0.00 ,($0.01),$0.00 ,$0.00 ,$0.00 ,$0.01 ,$0.01 ,$0.01 ,$0.01 ,$0.01 ,$0.02 ,$0.00 ,,,,,,,,
53,Accounting,Unit Income Statement,Unit Income,Unit Equipment Resale Revenue,$/lb,$0.00 ,$0.00 ,$0.00 ,$0.00 ,$0.00 ,$0.00 ,$0.01 ,$0.00 ,$0.00 ,$0.00 ,$0.00 ,$0.00 ,$0.00 ,$0.00 ,$0.00 ,$0.01 ,$0.00 ,,,,,,,,
54,Accounting,Unit Income Statement,Unit Income,Unit Non-Abrasive Revenue,$/lb,$0.00 ,$0.00 ,$0.00 ,$0.00 ,$0.00 ,$0.00 ,$0.00 ,$0.00 ,$0.00 ,$0.00 ,$0.00 ,$0.00 ,$0.00 ,$0.00 ,$0.00 ,$0.00 ,$0.00 ,,,,,,,,
55,Accounting,Unit Income Statement,Unit Income,Unit Shipping Revenue,$/lb,$0.05 ,$0.04 ,$0.02 ,$0.04 ,$0.04 ,$0.03 ,$0.04 ,$0.04 ,$0.03 ,$0.05 ,$0.04 ,$0.04 ,$0.03 ,$0.04 ,$0.04 ,$0.03 ,$0.03 ,,,,,,,,
56,Accounting,Unit Income Statement,Unit Income,Unit Sales Tax Payable,$/lb,$0.00 ,$0.00 ,$0.00 ,$0.00 ,$0.00 ,($0.00),$0.00 ,$0.00 ,$0.00 ,$0.00 ,($0.00),($0.00),$0.00 ,$0.00 ,($0.00),$0.00 ,$0.00 ,,,,,,,,
57,Accounting,Unit Income Statement,Unit Income,Unit Tip Fee Revenue,$/lb,$0.01 ,$0.00 ,$0.00 ,$0.00 ,$0.00 ,$0.00 ,$0.00 ,$0.00 ,$0.00 ,$0.00 ,$0.00 ,$0.00 ,$0.00 ,$0.00 ,$0.00 ,$0.00 ,$0.00 ,,,,,,,,
58,Accounting,Unit Income Statement,Unit Income,Unit Total Revenue,$/lb,$0.34 ,$0.28 ,$0.29 ,$0.31 ,$0.32 ,$0.32 ,$0.35 ,$0.34 ,$0.34 ,$0.33 ,$0.34 ,$0.34 ,$0.32 ,$0.34 ,$0.34 ,$0.36 ,$0.35 ,,,,,,,,
59,Accounting,Unit Income Statement,Unit Cost of Goods Sold,Unit Process Labor,$/lb,$0.14 ,$0.07 ,$0.05 ,$0.06 ,$0.04 ,$0.05 ,$0.05 ,$0.05 ,$0.06 ,$0.04 ,$0.07 ,$0.09 ,$0.05 ,$0.06 ,$0.05 ,$0.06 ,$0.03 ,,,,,,,,
60,Accounting,Unit Income Statement,Unit Cost of Goods Sold,Unit Raw Material,$/lb,$0.01 ,$0.02 ,$0.01 ,$0.01 ,$0.03 ,$0.01 ,$0.01 ,$0.03 ,$0.01 ,$0.02 ,$0.05 ,$0.10 ,$0.04 ,$0.02 ,$0.09 ,$0.03 ,$0.05 ,,,,,,,,
61,Accounting,Unit Income Statement,Unit Cost of Goods Sold,Unit Shipping,$/lb,$0.06 ,$0.05 ,$0.03 ,$0.04 ,$0.03 ,$0.04 ,$0.05 ,$0.05 ,$0.06 ,$0.03 ,$0.07 ,$0.06 ,$0.02 ,$0.03 ,$0.03 ,$0.07 ,$0.04 ,,,,,,,,
62,Accounting,Unit Income Statement,Unit Cost of Goods Sold,Unit Packaging,$/lb,0.002,0.023,0.005,0.022,0.004,0.022,0.014,0.01,0.023,0.02,0.013,0.002,0.042,0.032,0.002,0.028,0.033,,,,,,,,
63,Accounting,Unit Income Statement,Unit Cost of Goods Sold,Unit Maintenance,$/lb,$0.02 ,$0.03 ,$0.00 ,$0.02 ,$0.01 ,$0.01 ,$0.02 ,$0.01 ,$0.01 ,$0.01 ,$0.01 ,$0.02 ,$0.04 ,$0.02 ,$0.01 ,$0.03 ,$0.01 ,,,,,,,,
64,Accounting,Unit Income Statement,Unit Cost of Goods Sold,Unit Equipment Resale COGS,$/lb,$0.00 ,$0.00 ,$0.00 ,$0.00 ,$0.00 ,$0.00 ,$0.00 ,$0.01 ,$0.00 ,$0.00 ,$0.00 ,$0.00 ,$0.00 ,$0.00 ,$0.00 ,$0.01 ,$0.00 ,,,,,,,,
65,Accounting,Unit Income Statement,Unit Cost of Goods Sold,Unit Waste,$/lb,$0.03 ,$0.04 ,$0.02 ,$0.02 ,$0.01 ,$0.01 ,$0.01 ,$0.01 ,$0.02 ,$0.01 ,$0.01 ,$0.03 ,$0.01 ,$0.01 ,$0.01 ,$0.02 ,$0.01 ,,,,,,,,
66,Accounting,Unit Income Statement,Unit Cost of Goods Sold,Unit Inventory,$/lb,($0.14),($0.01),$0.02 ,$0.01 ,$0.04 ,$0.02 ,$0.02 ,$0.01 ,$0.00 ,$0.01 ,$0.02 ,($0.03),$0.03 ,($0.00),$0.01 ,$0.00 ,$0.04 ,,,,,,,,
67,Accounting,Unit Income Statement,Unit Cost of Goods Sold,Unit Utilities,$/lb,$0.02 ,$0.01 ,$0.01 ,$0.01 ,$0.00 ,$0.01 ,$0.00 ,$0.01 ,$0.01 ,$0.00 ,$0.01 ,$0.01 ,$0.01 ,$0.01 ,$0.01 ,$0.01 ,$0.01 ,,,,,,,,
68,Accounting,Unit Income Statement,Unit Cost of Goods Sold,Unit Total COGS,$/lb,$0.14 ,$0.23 ,$0.14 ,$0.19 ,$0.17 ,$0.17 ,$0.17 ,$0.18 ,$0.19 ,$0.15 ,$0.25 ,$0.28 ,$0.25 ,$0.17 ,$0.23 ,$0.26 ,$0.21 ,,,,,,,,
69,Accounting,Unit Income Statement,Unit Gross Earnings,Unit Gross Income,$/lb,$0.21 ,$0.05 ,$0.15 ,$0.12 ,$0.15 ,$0.15 ,$0.18 ,$0.16 ,$0.15 ,$0.18 ,$0.08 ,$0.06 ,$0.08 ,$0.17 ,$0.11 ,$0.11 ,$0.14 ,,,,,,,,
70,Accounting,Unit Income Statement,Unit Gross Earnings,Unit % Gross Income,%,$0.60 ,$0.17 ,$0.52 ,$0.39 ,$0.46 ,$0.48 ,$0.52 ,$0.48 ,$0.45 ,$0.55 ,$0.24 ,$0.18 ,$0.24 ,$0.50 ,$0.33 ,$0.30 ,$0.39 ,,,,,,,,
71,Accounting,Unit Income Statement,Unit SG&A Expenses,Unit Professional Fees,$/lb,$0.10 ,$0.06 ,$0.04 ,$0.05 ,$0.03 ,$0.05 ,$0.04 ,$0.04 ,$0.04 ,$0.03 ,$0.04 ,$0.06 ,$0.03 ,$0.04 ,$0.04 ,$0.04 ,$0.03 ,,,,,,,,
72,Accounting,Unit Income Statement,Unit SG&A Expenses,Unit Sales & Marketing,$/lb,$0.03 ,$0.03 ,$0.02 ,$0.02 ,$0.02 ,$0.03 ,$0.02 ,$0.02 ,$0.03 ,$0.03 ,$0.05 ,$0.08 ,$0.06 ,$0.06 ,$0.05 ,$0.07 ,$0.05 ,,,,,,,,
73,Accounting,Unit Income Statement,Unit SG&A Expenses,Unit Overhead Labor,$/lb,$0.05 ,$0.04 ,$0.03 ,$0.03 ,$0.03 ,$0.02 ,$0.01 ,$0.01 ,$0.01 ,$0.01 ,$0.01 ,$0.02 ,$0.01 ,$0.01 ,$0.01 ,$0.01 ,$0.01 ,,,,,,,,
74,Accounting,Unit Income Statement,Unit SG&A Expenses,Unit Benefits,$/lb,$0.04 ,$0.02 ,$0.01 ,$0.01 ,$0.01 ,$0.02 ,$0.01 ,$0.01 ,$0.01 ,$0.01 ,$0.01 ,$0.02 ,$0.01 ,$0.02 ,$0.01 ,$0.01 ,$0.02 ,,,,,,,,
75,Accounting,Unit Income Statement,Unit SG&A Expenses,Unit Accounting,$/lb,$0.04 ,$0.01 ,$0.01 ,$0.01 ,$0.01 ,$0.01 ,$0.01 ,$0.01 ,$0.00 ,$0.00 ,$0.01 ,$0.01 ,$0.01 ,$0.01 ,$0.01 ,$0.01 ,$0.01 ,,,,,,,,
76,Accounting,Unit Income Statement,Unit SG&A Expenses,Unit Equipment Rental,$/lb,$0.00 ,$0.01 ,$0.01 ,$0.01 ,$0.00 ,$0.00 ,$0.00 ,$0.01 ,$0.00 ,$0.01 ,$0.01 ,$0.01 ,$0.01 ,$0.00 ,$0.00 ,$0.00 ,$0.01 ,,,,,,,,
77,Accounting,Unit Income Statement,Unit SG&A Expenses,Unit Tax,$/lb,$0.00 ,$0.00 ,$0.00 ,$0.02 ,$0.00 ,$0.01 ,$0.00 ,$0.00 ,$0.00 ,$0.00 ,$0.00 ,$0.05 ,$0.00 ,$0.00 ,$0.00 ,$0.04 ,$0.00 ,,,,,,,,
78,Accounting,Unit Income Statement,Unit SG&A Expenses,Unit Insurance,$/lb,$0.02 ,$0.01 ,$0.01 ,$0.01 ,$0.01 ,$0.01 ,$0.00 ,$0.00 ,$0.00 ,$0.00 ,$0.00 ,$0.00 ,$0.01 ,$0.00 ,$0.00 ,$0.01 ,$0.00 ,,,,,,,,
79,Accounting,Unit Income Statement,Unit SG&A Expenses,Unit Office,$/lb,0.009,0.006,0.004,0.005,0.003,0.004,0.003,0.004,0.004,0.002,0.004,0.009,0.004,0.004,0.006,0.005,0.003,,,,,,,,
80,Accounting,Unit Income Statement,Unit SG&A Expenses,Unit Banking,$/lb,$0.00 ,$0.00 ,$0.00 ,$0.00 ,$0.00 ,$0.00 ,$0.00 ,$0.00 ,$0.00 ,$0.00 ,$0.00 ,$0.00 ,$0.00 ,$0.00 ,$0.00 ,$0.00 ,$0.00 ,,,,,,,,
81,Accounting,Unit Income Statement,Unit SG&A Expenses,Unit R&D,$/lb,$0.00 ,$0.00 ,$0.00 ,$0.00 ,$0.00 ,$0.00 ,$0.00 ,$0.00 ,$0.00 ,$0.00 ,$0.02 ,$0.00 ,$0.00 ,$0.00 ,$0.00 ,$0.00 ,$0.00 ,,,,,,,,
82,Accounting,Unit Income Statement,Unit SG&A Expenses,Unit Warehouse,$/lb,$0.00 ,$0.00 ,$0.00 ,$0.00 ,$0.00 ,$0.00 ,$0.00 ,$0.00 ,$0.00 ,$0.00 ,$0.00 ,$0.01 ,$0.00 ,$0.00 ,$0.00 ,$0.00 ,$0.00 ,,,,,,,,
83,Accounting,Unit Income Statement,Unit SG&A Expenses,Unit Misc,$/lb,$0.00 ,$0.00 ,$0.00 ,$0.01 ,$0.00 ,$0.00 ,$0.00 ,$0.00 ,$0.00 ,$0.00 ,$0.00 ,$0.01 ,$0.00 ,$0.00 ,$0.00 ,$0.00 ,$0.00 ,,,,,,,,
84,Accounting,Unit Income Statement,Unit SG&A Expenses,Unit Legal,$/lb,$0.00 ,$0.00 ,$0.00 ,$0.01 ,$0.00 ,$0.00 ,$0.00 ,$0.00 ,$0.00 ,$0.00 ,$0.00 ,$0.00 ,$0.00 ,$0.00 ,$0.00 ,$0.00 ,$0.00 ,,,,,,,,
85,Accounting,Unit Income Statement,Unit SG&A Expenses,Unit Total Expenses,$/lb,0.304,0.188,0.136,0.177,0.111,0.164,0.11,0.106,0.113,0.085,0.154,0.27,0.153,0.148,0.126,0.204,0.138,,,,,,,,
86,Accounting,Unit Income Statement,Unit Ordinary Earninjgs,Unit Operating Income,$/lb,($0.10),($0.14),$0.02 ,($0.06),$0.04 ,($0.01),$0.07 ,$0.05 ,$0.04 ,$0.10 ,($0.07),($0.21),($0.08),$0.02 ,($0.02),($0.10),($0.00),,,,,,,,
87,Accounting,Unit Income Statement,Unit Ordinary Earninjgs,Unit % Operating Income,%,$0 ,($1),$0 ,$0 ,$0 ,$0 ,$0 ,$0 ,$0 ,$0 ,$0 ,($1),$0 ,$0 ,$0 ,$0 ,$0 ,,,,,,,,
88,Accounting,Unit Income Statement,Unit Other Income & Expenses,Unit Other Income,$/lb,$2 ,$0 ,$0 ,$0 ,$0 ,$0 ,$0 ,$0 ,$0 ,$0 ,$0 ,$0 ,$0 ,$0 ,$0 ,$0 ,$0 ,,,,,,,,
89,Accounting,Unit Income Statement,Unit Other Income & Expenses,Unit Interest Income,$/lb,$0 ,$0 ,$0 ,$0 ,$0 ,$0 ,$0 ,$0 ,$0 ,$0 ,$0 ,$0 ,$0 ,$0 ,$0 ,$0 ,$0 ,,,,,,,,
90,Accounting,Unit Income Statement,Unit Other Income & Expenses,Unit Total Other Income,$/lb,$2 ,$0 ,$0 ,$0 ,$0 ,$0 ,$0 ,$0 ,$0 ,$0 ,$0 ,$0 ,$0 ,$0 ,$0 ,$0 ,$0 ,,,,,,,,
91,Accounting,Unit Income Statement,Unit Other Income & Expenses,Unit Debt Interest,$/lb,$0 ,$0 ,$0 ,$0 ,$0 ,$0 ,$0 ,$0 ,$0 ,$0 ,$0 ,$0 ,$0 ,$0 ,$0 ,$0 ,$0 ,,,,,,,,
92,Accounting,Unit Income Statement,Unit Other Income & Expenses,Unit Depreciation,$/lb,$0 ,$0 ,$0 ,$0 ,$0 ,$0 ,$0 ,$0 ,$0 ,$0 ,$0 ,$0 ,$0 ,$0 ,$0 ,$0 ,$0 ,,,,,,,,
93,Accounting,Unit Income Statement,Unit Other Income & Expenses,Unit QOZ Penalty,$/lb,$0 ,$0 ,$0 ,$0 ,$0 ,$0 ,$0 ,$0 ,$0 ,$0 ,$0 ,$0 ,$0 ,$0 ,$0 ,$0 ,$0 ,,,,,,,,
94,Accounting,Unit Income Statement,Unit Other Income & Expenses,Unit Total Other Income,$/lb,$0 ,$0 ,$0 ,$0 ,$0 ,$0 ,$0 ,$0 ,$0 ,$0 ,$0 ,$0 ,$0 ,$0 ,$0 ,$0 ,$0 ,,,,,,,,
95,Accounting,Unit Income Statement,Unit Other Income & Expenses,Unit Net Other Income,$/lb,$2 ,$0 ,$0 ,$0 ,$0 ,$0 ,$0 ,$0 ,$0 ,$0 ,$0 ,$0 ,$0 ,$0 ,$0 ,$0 ,$0 ,,,,,,,,
96,Accounting,Unit Income Statement,Unit Net Earnings,Unit Net Income,$/lb,$2 ,$0 ,$0 ,$0 ,$0 ,$0 ,$0 ,$0 ,$0 ,$0 ,$0 ,$0 ,$0 ,$0 ,$0 ,$0 ,$0 ,,,,,,,,
97,Accounting,Unit Income Statement,Unit Net Earnings,Unit % Net Income,%,$5 ,($1),$0 ,$0 ,$0 ,$0 ,$0 ,$0 ,$0 ,$0 ,$0 ,($1),$0 ,$0 ,$0 ,$0 ,$0 ,,,,,,,,
98,Accounting,Unit Income Statement,Unit Net Earnings,Unit EBITDA,$/lb,$2 ,$0 ,$0 ,$0 ,$0 ,$0 ,$0 ,$0 ,$0 ,$0 ,$0 ,$0 ,$0 ,$0 ,$0 ,$0 ,$0 ,,,,,,,,
99,Accounting,Unit Income Statement,Unit Net Earnings,Unit % EBITDA,%,$5 ,($1),$0 ,$0 ,$0 ,$0 ,$0 ,$0 ,$0 ,$0 ,$0 ,($1),$0 ,$0 ,$0 ,$0 ,$0 ,,,,,,,,
100,Accounting,Unit Income Statement,Unit Total Costs,Break-Even Price,$/lb,$1 ,$1 ,$0 ,$0 ,$0 ,$0 ,$0 ,$0 ,$0 ,$0 ,$0 ,$1 ,$0 ,$0 ,$0 ,$1 ,$0 ,,,,,,,,
101,Accounting,Cash Flow Statement,Operating Activities,Net Income,$,"$882,967 ","($184,093)","($39,769)","($132,773)","($16,675)","($86,464)","$29,922 ","$5,420 ","($18,983)","$111,721 ","($164,431)","($257,808)","($183,835)","($40,980)","($97,886)","($183,226)","($73,014)",,,,,,,,
102,Accounting,Cash Flow Statement,Operating Activities,Accounts Receivable,$,"$132,331 ","($79,909)","($77,999)","($95,539)","($202,369)","($60,298)","($101,207)","$81,507 ","($65,842)","($65,985)","$114,304 ","$101,725 ","$65,035 ","($149,811)","$51,316 ","$17,384 ","($278,211)",,,,,,,,
103,Accounting,Cash Flow Statement,Operating Activities,Inventory Asset,$,"($71,875)","($22,738)","$24,146 ","$12,620 ","$67,855 ","$30,946 ","$21,147 ","$18,020 ","($2,964)","$17,339 ","$12,008 ","($33,566)","$37,432 ","($6,425)","$2,865 ",($928),"$70,727 ",,,,,,,,
104,Accounting,Cash Flow Statement,Operating Activities,Other Current Asset,$,"($22,494)","($7,962)","$7,647 ","($5,809)","$8,750 ","$3,044 ","$27,366 ","$9,690 ","($35,633)","($40,253)","($32,529)","$71,002 ","($11,169)","($5,136)","$19,800 ","($3,616)",$684 ,,,,,,,,
105,Accounting,Cash Flow Statement,Operating Activities,Accounts Payable,$,"($16,381)","$33,157 ","($20,236)","$14,600 ","($15,004)","$16,319 ","($16,832)","$24,184 ","($4,766)","($5,005)","$16,934 ","($2,746)","$26,137 ","($36,202)","$58,865 ","$57,708 ","$63,873 ",,,,,,,,
106,Accounting,Cash Flow Statement,Operating Activities,Sales Tax Payable,$,($54),$35 ,$96 ,$80 ,"$1,174 ",$601 ,"($2,003)","$2,940 ",($762),($114),($455),"$4,156 ","($4,362)",($102),"$1,669 ",($281),$271 ,,,,,,,,
107,Accounting,Cash Flow Statement,Operating Activities,Other Current Liabilities,$,"($5,160)","$11,140 ","$10,265 ","($29,465)","($19,889)","$4,788 ","$14,524 ","$14,029 ","$18,046 ","$15,675 ","($25,884)","$5,586 ","$18,907 ","$8,104 ","$4,636 ","($60,540)","($43,096)",,,,,,,,
108,Accounting,Cash Flow Statement,Operating Activities,Total Adjustments to Net Income,$,"$16,367 ","($66,276)","($56,081)","($103,512)","($159,483)","($4,599)","($57,005)","$150,369 ","($91,921)","($78,343)","$84,379 ","$146,156 ","$131,982 ","($189,572)","$139,152 ","$9,727 ","($185,752)",,,,,,,,
109,Accounting,Cash Flow Statement,Operating Activities,Total Operating Activities,$,"$899,334 ","($250,369)","($95,849)","($236,285)","($176,158)","($91,064)","($27,083)","$155,790 ","($110,904)","$33,377 ","($80,052)","($111,652)","($51,853)","($230,552)","$41,267 ","($173,499)","($258,766)",,,,,,,,
110,Accounting,Cash Flow Statement,Investing Activities,Fixed Asset,$,"$53,175 ","$53,175 ","($36,325)","$53,175 ","$56,282 ","$53,796 ","$34,216 ","$53,961 ","$53,961 ","$53,961 ","$53,961 ","($65,576)","$55,090 ","$55,090 ","$55,090 ","$55,090 ","$55,090 ",,,,,,,,
111,Accounting,Cash Flow Statement,Investing Activities,Total Investing Activities,$,"$53,175 ","$53,175 ","($36,325)","$53,175 ","$56,282 ","$53,796 ","$34,216 ","$53,961 ","$53,961 ","$53,961 ","$53,961 ","($65,576)","$55,090 ","$55,090 ","$55,090 ","$55,090 ","$55,090 ",,,,,,,,
112,Accounting,Cash Flow Statement,Financing Activities,Long Term Liabilities,$,"($8,508)","($4,938)","($28,560)","($24,987)","($25,534)","($25,264)","($25,799)","($25,463)","($25,604)","($26,169)","($25,850)","($5,640)","($5,328)","($5,364)","($21,262)","($26,209)","($26,727)",,,,,,,,
113,Accounting,Cash Flow Statement,Financing Activities,Other Equity,$,$0 ,$0 ,$0 ,$0 ,$0 ,$0 ,$0 ,$0 ,$0 ,$0 ,$0 ,$0 ,$0 ,$0 ,$0 , -   , -   ,,,,,,,,
114,Accounting,Cash Flow Statement,Cash,Total Financing Activities,$,"-8,508","-4,938","-28,560","-24,987","-25,534","-25,264","-25,799","-25,463","-25,604","-26,169","-25,850","-5,640","-5,328","-5,364","-21,262","-26,209","-26,727",,,,,,,,
115,Accounting,Cash Flow Statement,Cash,Net Change in Cash for Period,$,"944,000","-202,132","-160,735","-208,097","-145,409","-62,531","-18,665","184,288","-82,547","61,169","-51,941","-182,868","-2,090","-180,826","75,094","-144,618","-230,403",,,,,,,,
116,Accounting,Cash Flow Statement,Cash,Cash at Beginning of Period,$,"$958,774 ","$1,902,774 ","$1,700,642 ","$1,539,907 ","$1,331,810 ","$1,186,401 ","$1,123,869 ","$1,105,204 ","$1,289,492 ","$1,206,945 ","$1,268,114 ","$1,216,173 ","$1,033,305 ","$1,031,214 ","$850,389 ","$926,017 ","$781,400 ",,,,,,,,
117,Accounting,Cash Flow Statement,Cash,Cash at End of Period,$,"1,902,774.30","1,700,642.00","1,539,907.20","1,331,809.80","1,186,400.50","1,123,869.40","1,105,204.00","1,289,491.50","1,206,944.70","1,268,113.90","1,216,173.00","1,033,304.60","1,031,214.40","850,388.90","925,483.30","781,400.00","550,997.00",,,,,,,,
118,Accounting,Balance Sheet,Assets,Bank,$,"$1,902,774 ","$1,700,642 ","$1,539,907 ","$1,331,810 ","$1,186,401 ","$1,123,869 ","$1,105,204 ","$1,289,492 ","$1,206,945 ","$1,268,114 ","$1,216,173 ","$1,033,305 ","$1,031,214 ","$850,389 ","$925,483 ","$781,400 ","$519,908 ",,,,,,,,
119,Accounting,Balance Sheet,Assets,Accounts Receivable,$,"$157,237.15 ","$237,145.66 ","$315,144.16 ","$410,683.10 ","$613,052.22 ","$673,350.39 ","$774,557.36 ","$693,050.75 ","$758,893.08 ","$824,878.18 ","$710,574.05 ","$608,849.54 ","$543,814.07 ","$693,624.99 ","$642,308.68 ","$624,928.88 ","$903,140.08 ",,,,,,,,
120,Accounting,Balance Sheet,Assets,Other Current Assets,$,"$760,718.19 ","$791,417.85 ","$759,625.42 ","$752,814.26 ","$676,208.94 ","$642,219.00 ","$593,706.45 ","$565,996.86 ","$604,593.48 ","$627,508.27 ","$648,028.43 ","$610,592.82 ","$584,329.19 ","$595,889.81 ","$573,223.97 ","$577,171.61 ","$536,848.85 ",,,,,,,,
121,Accounting,Balance Sheet,Assets,Total Current Assets,$,"$2,820,729.67 ","$2,729,205.53 ","$2,614,676.78 ","$2,495,307.20 ","$2,475,661.70 ","$2,439,438.78 ","$2,473,467.79 ","$2,548,539.11 ","$2,570,431.27 ","$2,720,500.37 ","$2,574,775.45 ","$2,252,747.00 ","$2,159,357.63 ","$2,139,903.65 ","$2,141,015.97 ","$1,983,500.36 ","$1,959,896.98 ",,,,,,,,
122,Accounting,Balance Sheet,Assets,Fixed Assets,$,6732453.27,6679278.53,6715603.78,6662429.04,6606146.61,6552350.34,6518134.5,6464173.68,6410212.86,6356252.04,6302291.22,6367867.71,6312777.3,6257686.89,6202596.48,6147506.07,6092415.66,,,,,,,,
123,Accounting,Balance Sheet,Assets,Total Assets,$,9553182.94,9408484.06,9330280.56,9157736.24,9081808.31,8991789.12,8991602.29,9012712.79,8980644.13,9076752.41,8877066.67,8620614.71,8472134.93,8397590.54,8343612.45,8131006,8052313,,,,,,,,
124,Accounting,Balance Sheet,Liabilities & Equity,Current Liabilities,$,163827.69,208159.81,198284.98,183500.42,149781.09,171489.82,"167,179","208,333","220,851","231,407","222,002","228,998","269,681","241,481","306,651","303,480","324,527",,,,,,,,
125,Accounting,Balance Sheet,Liabilities & Equity,Long Term Liabilities,$,2326424.36,2321486.22,2292926.11,2267938.9,2242404.98,2217141.11,"2,191,342.50","2,165,879.50","2,140,275.60","2,114,106.50","2,088,256.50","2,082,616.60","2,077,288.70","2,071,925.10","2,050,662.60","2,024,453.00","1,997,726.00",,,,,,,,
126,Accounting,Balance Sheet,Liabilities & Equity,Equity,$,"$7,062,931 ","$6,878,838 ","$6,839,069 ","$6,706,297 ","$6,689,622 ","$6,603,158 ","$6,633,080 ","$6,638,501 ","$6,619,518 ","$6,731,239 ","$6,566,808 ","$6,309,000 ","$6,125,165 ","$6,084,185 ","$5,986,299 ","$5,803,073 ","$5,730,059 ",,,,,,,,
127,Accounting,Balance Sheet,Liabilities & Equity,Total Liabilities & Equity,$,9553182.94,9408484.06,9330280.56,9157736.24,9081808.31,8991789.12,"8,991,602.30","9,012,712.80","8,980,644.10","9,076,752.40","8,877,066.70","8,620,614.70","8,472,134.90","8,397,590.50","8,343,612.50","8,131,006.00","8,052,313.00",,,,,,,,
128,Sales,Abrasive Sales,Overall Sales,Total Orders,Orders,$62 ,$60 ,$65 ,$80 ,$81 ,$74 ,$73 ,$96 ,$92 ,$110 ,$93 ,$79 ,$124 ,$111 ,$186 ,$166 ,$249 ,,,,,,,,
129,Sales,Abrasive Sales,Overall Sales,Tons Sold,Tons,$257.90 ,$406.63 ,$605.48 ,$555.25 ,$810.40 ,$638.40 ,$691.65 ,$715.98 ,$702.63 ,$931.38 ,$627.83 ,$446.18 ,$770.38 ,$639.18 ,$756.50 ,$598.30 ,$968.90 ,,,,,,,,
130,Sales,Abrasive Sales,Overall Sales,Product Revenue,$,"$142,952.45 ","$207,255.40 ","$325,919.35 ","$303,527.90 ","$452,531.55 ","$372,642.70 ","$416,429.35 ","$420,093.00 ","$421,330.50 ","$536,073.00 ","$360,712.50 ","$262,536.30 ","$454,098.70 ","$376,910.20 ","$447,914.80 ","$365,100.30 ","$609,162.80 ",,,,,,,,
131,Sales,Abrasive Sales,Overall Sales,Tons/Order,Tons/Order,$4.16 ,$6.78 ,$9.32 ,$6.94 ,$10.01 ,$8.63 ,$9.48 ,$7.46 ,$7.64 ,$8.47 ,$6.75 ,$5.65 ,$6.21 ,$5.76 ,$4.07 ,$3.60 ,$3.89 ,,,,,,,,
132,Sales,Abrasive Sales,Overall Sales,Revenue/Order,$/Order,2305.685,3454.257,5014.144,3794.099,5586.809,5035.712,5704.512,4375.969,4579.679,4873.391,3878.629,3323.244,3662.086,3395.587,2408.144,2199.399,2446.437,,,,,,,,
133,Sales,Abrasive Sales,Overall Sales,Average Price,$/lb,0.277,0.255,0.269,0.273,0.279,0.292,0.301,0.293,0.3,0.288,0.287,0.294,0.295,0.295,0.296,0.305,0.314,,,,,,,,
134,Sales,Abrasive Sales,Overall Sales,Average GM,$/lb,0.142,0.023,0.129,0.084,0.11,0.124,0.135,0.117,0.115,0.138,0.033,0.018,0.049,0.124,0.071,0.049,0.102,,,,,,,,
135,Sales,Abrasive Sales,Overall Sales,Average OM,$/lb,-0.162,-0.165,-0.007,-0.093,-0.001,-0.04,0.024,0.011,0.002,0.053,-0.121,-0.252,-0.104,-0.024,-0.054,0,0,,,,,,,,
136,Sales,Abrasive Sales,Overall Sales,% Average GM,%,0.513386794,0.089986799,0.480391299,0.307122607,0.394587869,0.426157496,0,0,0,0,0,0,0,0,0,0,0,,,,,,,,
137,Sales,Abrasive Sales,Overall Sales,% Average OM,%,($1),($1),$0 ,$0 ,$0 ,$0 ,$0 ,$0 ,$0 ,$0 ,$0 ,($1),$0 ,$0 ,$0 ,($1),($0),,,,,,,,
138,Sales,Abrasive Sales,Online Sales,Online Orders,Orders,0,0,0,0,0,0,2,18,19,23,21,23,44,57,108,107,152,,,,,,,,
139,Sales,Abrasive Sales,Online Sales,Online Tons,Tons,0,0,0,0,0,0,2.05,2.325,1.05,3.25,2.9,4.025,5.05,5.5,12.05,12,18,,,,,,,,
140,Sales,Abrasive Sales,Online Sales,Online Revenue,$,"1,247","1,347",381,862,429,80,"1,544","5,442","2,674","6,420","5,826","5,528","9,601","9,223","20,339","21,124","29,976",,,,,,,,
141,Sales,Abrasive Sales,Online Sales,Online Tons/Order,Tons/Order, -   , -   , -   , -   , -   , -   ,1,0.1,0.1,0.1,0.1,0.2,0.1,0.1,0.1,0,0,,,,,,,,
142,Sales,Abrasive Sales,Online Sales,Online Revenue/Order,$/Order,$0 ,$0 ,$0 ,$0 ,$0 ,$0 ,$772 ,$302 ,$141 ,$279 ,$277 ,$240 ,$218 ,$162 ,$188 ,$197 ,$197 ,,,,,,,,
143,Sales,Abrasive Sales,Online Sales,Online Avg Price,$/lb, -   , -   , -   , -   , -   , -   ,0.4,1.2,1.3,1,1,0.7,1,0.8,0.8,1,1,,,,,,,,
144,Sales,Abrasive Sales,Online Sales,Online Avg GM,$/lb,$0 ,$0 ,$0 ,$0 ,$0 ,$0 ,$0 ,$1 ,$1 ,$1 ,$1 ,$0 ,$1 ,$1 ,$1 ,$1 ,$1 ,,,,,,,,
145,Sales,Abrasive Sales,Online Sales,Online Avg OM,$/lb,$0.00 ,$0.00 ,$0.00 ,$0.00 ,$0.00 ,$0.00 ,$0.10 ,$0.89 ,$0.98 ,$0.75 ,$0.60 ,$0.14 ,$0.55 ,$0.52 ,$0.49 ,$0.43 ,$0.49 ,,,,,,,,
146,Sales,Abrasive Sales,Online Sales,% Online Avg GM,%,$0.00 ,$0.00 ,$0.00 ,$0.00 ,$0.00 ,$0.00 ,$0.56 ,$0.85 ,$0.86 ,$0.85 ,$0.75 ,$0.60 ,$0.74 ,$0.80 ,$0.73 ,$0.71 ,$0.75 ,,,,,,,,
147,Sales,Abrasive Sales,Online Sales,% Online Avg OM,%,$0.00 ,$0.00 ,$0.00 ,$0.00 ,$0.00 ,$0.00 ,$0.27 ,$0.76 ,$0.77 ,$0.76 ,$0.59 ,$0.20 ,$0.58 ,$0.62 ,$0.59 ,$0.48 ,$0.58 ,,,,,,,,
148,Sales,Abrasive Sales,Online Sales,% Online Orders,%,0,0,0,0,0,0,0.027,0.188,0.207,0.209,0.226,0.291,0.355,0.514,0.581,0.645,0.61,,,,,,,,
149,Sales,Abrasive Sales,Online Sales,% Online Revenue,%,0.009,0.006,0.001,0.003,0.001,0,0.004,0.013,0.006,0.012,0.016,0.021,0.021,0.024,0.045,0.058,0.049,,,,,,,,
150,Sales,Abrasive Sales,Online Sales,Online Repeat Orders,Orders,0,0,0,0,0,0,2,3,2,6,5,8,11,8,31,13,34,,,,,,,,
151,Sales,Abrasive Sales,Online Sales,Online Repeat Revenue,$,0,0,0,0,0,0,1543.9,1369,212,1144,4688,4116,5670,2053,7325.4,6400,11547,,,,,,,,
152,Sales,Abrasive Sales,Online Sales,% Online Repeat Orders,%, -   , -   , -   , -   , -   , -   ,1,0,0,0,0,0,0,0,0,0,0,,,,,,,,
153,Sales,Abrasive Sales,Online Sales,% Online Repeat Revenue,%,$0 ,$0 ,$0 ,$0 ,$0 ,$0 ,$1 ,$0 ,$0 ,$0 ,$1 ,$1 ,$1 ,$0 ,$0 ,$0 ,$0 ,,,,,,,,
154,Sales,Abrasive Sales,Offline Sales,Offline Orders,Orders,62,60,65,80,81,74,71,79,73,87,73,56,80,54,78,59,97,,,,,,,,
155,Sales,Abrasive Sales,Offline Sales,Offline Tons,Tons,257.9,406.625,605.475,555.25,810.4,638.4,689.6,713.65,701.575,928.125,624.925,442.15,765.325,633.675,744.45,586,951,,,,,,,,
156,Sales,Abrasive Sales,Offline Sales,Offline Revenue,$,"142,952","207,255","325,919","303,528","452,532","372,643","414,885","414,651","418,657","529,654","354,887","257,009","444,498","367,688","427,576","343,977","579,187",,,,,,,,
157,Sales,Abrasive Sales,Offline Sales,Offline Tons/Order,Tons/Order,4.2,6.8,9.3,6.9,10,8.6,9.7,9,9.6,10.7,8.6,7.9,9.6,11.7,9.5,10,10,,,,,,,,
158,Sales,Abrasive Sales,Offline Sales,Offline Revenue/Order,$/Order,"$2,306 ","$3,454 ","$5,014 ","$3,794 ","$5,587 ","$5,036 ","$5,843 ","$5,249 ","$5,735 ","$6,088 ","$4,861 ","$4,589 ","$5,556 ","$6,809 ","$5,482 ","$5,830 ","$5,971 ",,,,,,,,
159,Sales,Abrasive Sales,Offline Sales,Offline Avg Price,$/lb,0.3,0.3,0.3,0.3,0.3,0.3,0.3,0.3,0.3,0.3,0.3,0.3,0.3,0.3,0.3,0,0,,,,,,,,
160,Sales,Abrasive Sales,Offline Sales,Offline Avg GM,$/lb,$0 ,$0 ,$0 ,$0 ,$0 ,$0 ,$0 ,$0 ,$0 ,$0 ,$0 ,$0 ,$0 ,$0 ,$0 ,$0 ,$0 ,,,,,,,,
161,Sales,Abrasive Sales,Offline Sales,Offline Avg OM,$/lb,($0.16),($0.17),($0.01),($0.09),($0.00),($0.04),$0.02 ,$0.01 ,$0.00 ,$0.05 ,($0.12),($0.26),($0.11),($0.03),($0.06),($0.17),($0.05),,,,,,,,
162,Sales,Abrasive Sales,Offline Sales,% Offline Avg GM,%,$0.51 ,$0.09 ,$0.48 ,$0.31 ,$0.40 ,$0.43 ,$0.45 ,$0.39 ,$0.38 ,$0.47 ,$0.10 ,$0.05 ,$0.16 ,$0.41 ,$0.22 ,$0.13 ,$0.30 ,,,,,,,,
163,Sales,Abrasive Sales,Offline Sales,% Offline Avg OM,%,($0.58),($0.65),($0.03),($0.34),($0.00),($0.14),$0.08 ,$0.03 ,$0.00 ,$0.18 ,($0.44),($0.88),($0.37),($0.10),($0.22),($0.57),($0.15),,,,,,,,
164,Sales,Abrasive Sales,Offline Sales,% Offline Orders,%,1,1,1,1,1,1,0.973,0.823,0.793,0.791,0.785,0.709,0.645,0.486,0.419,0.355,0.39,,,,,,,,
165,Sales,Abrasive Sales,Offline Sales,% Offline Revenue,%,1,1,1,1,1,1,0.996,0.987,0.994,0.988,0.984,0.979,0.979,0.976,0.955,0.942,0.951,,,,,,,,
166,Sales,Abrasive Sales,Offline Sales,Offline First Orders,Orders,10,11,8,15,13,4,4,8,6,7,9,5,7,6,14,7,14,,,,,,,,
167,Sales,Abrasive Sales,Offline Sales,Offline First Revenue,$,671.45,1923,4841.2,2801.4,18399.65,15531.95,782.9,5347,19859,18763,7062,2930,2059,3211,10873,19152,4704,,,,,,,,
168,Sales,Abrasive Sales,Offline Sales,% Offline First Orders,%,0,0,0,0,0,0,0,0,0,0,0,0,0,0,0,0,0,,,,,,,,
169,Sales,Abrasive Sales,Offline Sales,% Offline First Revenue,%,0,0,0,0,0,0,0,0,0,0,0,0,0,0,0,0,0,,,,,,,,
170,Sales,Abrasive Sales,New Sales,First Orders,Orders,$10 ,$10 ,$8 ,$14 ,$13 ,$4 ,$4 ,$21 ,$22 ,$24 ,$24 ,$20 ,$38 ,$53 ,$89 ,$100 ,$131 ,,,,,,,,
171,Sales,Abrasive Sales,New Sales,First Tons,Tons,0.4,2.3,6.4,2.4,24.5,24,0.8,8.1,26.1,28.1,8.8,4.4,4.1,8.3,21,37,13,,,,,,,,
172,Sales,Abrasive Sales,New Sales,First Revenue,$,$671 ,"$1,923 ","$4,841 ","$2,801 ","$18,400 ","$15,532 ",$783 ,"$9,420 ","$22,321 ","$24,039 ","$8,200 ","$4,342 ","$5,990 ","$10,381 ","$23,887 ","$33,876 ","$23,133 ",,,,,,,,
173,Sales,Abrasive Sales,New Sales,First Tons/Order,Tons/Order,$0.04 ,$0.23 ,$0.80 ,$0.17 ,$1.89 ,$6.01 ,$0.21 ,$0.39 ,$1.19 ,$1.17 ,$0.37 ,$0.22 ,$0.11 ,$0.16 ,$0.24 ,$0.37 ,$0.10 ,,,,,,,,
174,Sales,Abrasive Sales,New Sales,First Revenue/Order,$/Order,$67.15 ,$192.30 ,$605.15 ,$200.10 ,"$1,415.36 ","$3,882.99 ",$195.73 ,$448.57 ,"$1,014.59 ","$1,001.60 ",$341.67 ,$217.09 ,$157.63 ,$195.86 ,$268.39 ,$338.76 ,$176.59 ,,,,,,,,
175,Sales,Abrasive Sales,New Sales,First Avg Price,$/lb,$0.90 ,$0.41 ,$0.38 ,$0.60 ,$0.38 ,$0.32 ,$0.47 ,$0.58 ,$0.43 ,$0.43 ,$0.47 ,$0.50 ,$0.73 ,$0.62 ,$0.57 ,$0.45 ,$0.88 ,,,,,,,,
176,Sales,Abrasive Sales,New Sales,First Avg GM,$/lb,0.76,0.182,0.237,0.407,0.206,0.156,0.308,0.407,0.243,0.278,0.21,0.223,0.481,0.453,0.345,0.198,0.668,,,,,,,,
177,Sales,Abrasive Sales,New Sales,First Avg OM,$/lb,0.456,-0.006,0.101,0.23,0.095,-0.009,0.198,0.301,0.131,0.194,0.056,-0.047,0.327,0.305,0.219,-0.005,0.531,,,,,,,,
178,Sales,Abrasive Sales,New Sales,% First Avg GM,%,0.849,0.439,0.629,0.682,0.55,0.482,0.649,0.698,0.569,0.65,0.452,0.447,0.662,0.726,0.605,0.437,0.758,,,,,,,,
179,Sales,Abrasive Sales,New Sales,% First Avg OM,%,0.51,-0.015,0.267,0.385,0.254,-0.027,0.417,0.517,0.305,0.452,0.121,-0.095,0.451,0.489,0.385,0,1,,,,,,,,
180,Sales,Abrasive Sales,New Sales,% First Orders,%,0,0,0,0,0,0,0,0,0,0,0,0,0,0,0,1,1,,,,,,,,
181,Sales,Abrasive Sales,New Sales,% First Revenue,%,0,0,0,0,0,0,0,0,0,0,0,0,0,0,0,0,0,,,,,,,,
182,Sales,Abrasive Sales,Repeat Sales,Repeat Orders,Orders,$52 ,$50 ,$57 ,$66 ,$68 ,$70 ,$69 ,$75 ,$70 ,$86 ,$69 ,$59 ,$86 ,$58 ,$97 ,$66 ,$118 ,,,,,,,,
183,Sales,Abrasive Sales,Repeat Sales,Repeat Tons,Tons,257.5,404.3,599.1,552.9,785.9,614.4,690.8,707.9,676.6,903.3,619,441.8,766.3,630.9,735.5,561,956,,,,,,,,
184,Sales,Abrasive Sales,Repeat Sales,Repeat Revenue,$,"$142,281 ","$205,332 ","$321,078 ","$300,727 ","$434,132 ","$357,111 ","$415,646 ","$410,673 ","$399,010 ","$512,035 ","$352,513 ","$258,195 ","$448,109 ","$366,530 ","$424,028 ","$331,224 ","$586,030 ",,,,,,,,
185,Sales,Abrasive Sales,Repeat Sales,Repeat Tons/Order,Tons/Order,$4.95 ,$8.09 ,$10.51 ,$8.38 ,$11.56 ,$8.78 ,$10.01 ,$9.44 ,$9.67 ,$10.50 ,$8.97 ,$7.49 ,$8.91 ,$10.88 ,$7.58 ,$8.50 ,$8.10 ,,,,,,,,
186,Sales,Abrasive Sales,Repeat Sales,Repeat Revenue/Order,$/Order,"$2,736.17 ","$4,106.65 ","$5,632.95 ","$4,556.46 ","$6,384.29 ","$5,101.58 ","$6,023.86 ","$5,475.64 ","$5,700.14 ","$5,953.89 ","$5,108.88 ","$4,376.18 ","$5,210.57 ","$6,319.47 ","$4,371.42 ","$5,018.55 ","$4,966.36 ",,,,,,,,
187,Sales,Abrasive Sales,Repeat Sales,Repeat Avg Price,$/lb,$0.28 ,$0.25 ,$0.27 ,$0.27 ,$0.28 ,$0.29 ,$0.30 ,$0.29 ,$0.30 ,$0.28 ,$0.29 ,$0.29 ,$0.29 ,$0.29 ,$0.29 ,$0.30 ,$0.31 ,,,,,,,,
188,Sales,Abrasive Sales,Repeat Sales,Repeat Avg GM,$/lb,0.141,0.022,0.128,0.083,0.107,0.123,0.134,0.114,0.11,0.133,0.03,0.016,0.047,0.12,0.064,0.039,0.094,,,,,,,,
189,Sales,Abrasive Sales,Repeat Sales,Repeat Avg OM,$/lb,-0.163,-0.166,-0.008,-0.094,-0.004,-0.041,0.024,0.008,-0.002,0.049,-0.124,-0.254,-0.106,-0.028,-0.062,-0.165,-0.044,,,,,,,,
190,Sales,Abrasive Sales,Repeat Sales,% Repeat Avg GM,%,0.512,0.087,0.478,0.304,0.388,0.424,0.446,0.393,0.374,0.471,0.107,0.055,0.161,0.412,0.221,0.133,0.306,,,,,,,,
191,Sales,Abrasive Sales,Repeat Sales,% Repeat Avg OM,%,-0.589,-0.652,-0.03,-0.347,-0.014,-0.142,0.08,0.028,-0.008,0.172,-0.434,-0.87,-0.363,-0.097,-0.215,-1,0,,,,,,,,
192,Sales,Abrasive Sales,Repeat Sales,% Repeat Orders,%,1,1,1,1,1,1,1,1,1,1,1,1,1,1,1,0,0,,,,,,,,
193,Sales,Abrasive Sales,Repeat Sales,% Repeat Revenue,%,1,1,1,1,1,1,1,1,1,1,1,1,1,1,1,1,1,,,,,,,,
194,Sales,Abrasive Sales,Distributor Sales,Distributor Orders,Orders,$31 ,$28 ,$36 ,$43 ,$52 ,$49 ,$39 ,$50 ,$37 ,$52 ,$47 ,$36 ,$49 ,$33 ,$36 ,$39 ,$42 ,,,,,,,,
195,Sales,Abrasive Sales,Distributor Sales,Distributor Tons,Tons,160.8,298.7,474.6,428.1,603.6,380.7,444.2,458.3,367.1,514.8,347.5,182.2,566.5,415.2,435.3,392,491,,,,,,,,
196,Sales,Abrasive Sales,Distributor Sales,Distributor Revenue,$,"$84,428 ","$141,383 ","$242,653 ","$225,088 ","$319,412 ","$215,091 ","$266,511 ","$255,744 ","$209,179 ","$282,908 ","$188,424 ","$105,426 ","$326,413 ","$229,727 ","$240,574 ","$225,533 ","$280,704 ",,,,,,,,
197,Sales,Abrasive Sales,Distributor Sales,Distributor Tons/Order,Tons/Order,$5.19 ,$10.67 ,$13.18 ,$9.96 ,$11.61 ,$7.77 ,$11.39 ,$9.17 ,$9.92 ,$9.90 ,$7.39 ,$5.06 ,$11.56 ,$12.58 ,$12.09 ,$10.06 ,$11.69 ,,,,,,,,
198,Sales,Abrasive Sales,Distributor Sales,Distributor Revenue/Order,$/Order,"$2,723.47 ","$5,049.39 ","$6,740.36 ","$5,234.59 ","$6,142.54 ","$4,389.61 ","$6,833.62 ","$5,114.88 ","$5,653.47 ","$5,440.53 ","$4,009.01 ","$2,928.49 ","$6,661.49 ","$6,961.41 ","$6,682.60 ","$5,782.90 ","$6,683.42 ",,,,,,,,
199,Sales,Abrasive Sales,Distributor Sales,Distributor Avg Price,$/lb,$0.26 ,$0.24 ,$0.26 ,$0.26 ,$0.27 ,$0.28 ,$0.30 ,$0.28 ,$0.29 ,$0.28 ,$0.27 ,$0.29 ,$0.29 ,$0.28 ,$0.28 ,$0.29 ,$0.29 ,,,,,,,,
200,Sales,Abrasive Sales,Distributor Sales,Distributor Avg GM,$/lb,0.128,0.005,0.116,0.073,0.096,0.115,0.133,0.103,0.1,0.125,0.017,0.013,0.043,0.106,0.052,0.032,0.073,,,,,,,,
201,Sales,Abrasive Sales,Distributor Sales,Distributor Avg OM,$/lb,-0.176,-0.183,-0.02,-0.104,-0.015,-0.049,0.023,-0.003,-0.012,0.04,-0.137,-0.257,-0.111,-0.042,-0.074,-0.172,-0.065,,,,,,,,
202,Sales,Abrasive Sales,Distributor Sales,% Distributor Avg GM,%,0.486,0.02,0.453,0.28,0.361,0.407,0.445,0.369,0.352,0.454,0.062,0.046,0.148,0.382,0.187,0.11,0.256,,,,,,,,
203,Sales,Abrasive Sales,Distributor Sales,% Distributor Avg OM,%,-0.672,-0.773,-0.08,-0.394,-0.058,-0.175,0.077,-0.01,-0.044,0.146,-0.506,-0.888,-0.384,-0.152,-0.267,-1,0,,,,,,,,
204,Sales,Abrasive Sales,Distributor Sales,% Distributor Orders,%,1,0,1,1,1,1,1,1,0,0,1,0,0,0,0,0,0,,,,,,,,
205,Sales,Abrasive Sales,Distributor Sales,% Distributor Revenue,%,1,1,1,1,1,1,1,1,0,1,1,0,1,1,1,1,0,,,,,,,,
206,Sales,Abrasive Sales,Large Direct Sales,Large Direct Orders,Orders,$2 ,$2 ,$4 ,$3 ,$6 ,$9 ,$9 ,$10 ,$13 ,$17 ,$9 ,$9 ,$8 ,$9 ,$12 ,$8 ,$18 ,,,,,,,,
207,Sales,Abrasive Sales,Large Direct Sales,Large Direct Tons,Tons,72,72,96,72,160,248,230,228,294,384,248,248,184,204,272,183,400,,,,,,,,
208,Sales,Abrasive Sales,Large Direct Sales,Large Direct Revenue,$,"$40,320 ","$40,320 ","$53,760 ","$40,320 ","$101,480 ","$149,880 ","$135,400 ","$137,800 ","$179,600 ","$222,916 ","$145,172 ","$142,048 ","$104,624 ","$125,988 ","$157,820 ","$107,076 ","$250,928 ",,,,,,,,
209,Sales,Abrasive Sales,Large Direct Sales,Large Direct Tons/Order,Tons/Order,$36.00 ,$36.00 ,$24.00 ,$24.00 ,$26.67 ,$27.56 ,$25.56 ,$22.80 ,$22.62 ,$22.59 ,$27.56 ,$27.56 ,$23.00 ,$22.67 ,$22.67 ,$22.88 ,$22.22 ,,,,,,,,
210,Sales,Abrasive Sales,Large Direct Sales,Large Direct Revenue/Order,$/Order,"$20,160.00 ","$20,160.00 ","$13,440.00 ","$13,440.00 ","$16,913.33 ","$16,653.33 ","$15,044.44 ","$13,780.00 ","$13,815.39 ","$13,112.71 ","$16,130.22 ","$15,783.11 ","$13,078.00 ","$13,998.67 ","$13,151.67 ","$13,384.50 ","$13,940.44 ",,,,,,,,
211,Sales,Abrasive Sales,Large Direct Sales,Large Direct Avg Price,$/lb,$0.28 ,$0.28 ,$0.28 ,$0.28 ,$0.32 ,$0.30 ,$0.29 ,$0.30 ,$0.31 ,$0.29 ,$0.29 ,$0.29 ,$0.28 ,$0.31 ,$0.29 ,$0.29 ,$0.31 ,,,,,,,,
212,Sales,Abrasive Sales,Large Direct Sales,Large Direct Avg GM,$/lb,0.145,0.048,0.14,0.091,0.148,0.135,0.128,0.126,0.121,0.14,0.038,0.01,0.039,0.138,0.065,0.037,0.101,,,,,,,,
213,Sales,Abrasive Sales,Large Direct Sales,Large Direct Avg OM,$/lb,-0.159,-0.14,0.004,-0.086,0.037,-0.03,0.018,0.02,0.008,0.056,-0.116,-0.26,-0.114,-0.01,-0.06,-0.167,-0.037,,,,,,,,
214,Sales,Abrasive Sales,Large Direct Sales,% Large Direct Avg GM,%,0.518,0.172,0.501,0.324,0.467,0.446,0.434,0.417,0.395,0.483,0.131,0.036,0.137,0.447,0.226,0.125,0.321,,,,,,,,
215,Sales,Abrasive Sales,Large Direct Sales,% Large Direct Avg OM,%,-0.567,-0.499,0.014,-0.309,0.117,-0.099,0.06,0.067,0.026,0.192,-0.395,-0.908,-0.402,-0.032,-0.207,-1,0,,,,,,,,  
216,Sales,Abrasive Sales,Large Direct Sales,% Large Direct Orders,%,0,0,0,0,0,0,0,0,0,0,0,0,0,0,0,0,0,,,,,,,,  
217,Sales,Abrasive Sales,Large Direct Sales,% Large Direct Revenue,%,0.3,0.2,0.2,0.1,0.2,0.4,0.3,0.3,0.4,0.4,0.4,0.5,0.2,0.3,0,0,0,,,,,,,,
218,Sales,Abrasive Sales,Medium Direct Sales,Medium Direct Orders,Orders,$8 ,$9 ,$11 ,$12 ,$9 ,$6 ,$8 ,$10 ,$12 ,$13 ,$12 ,$8 ,$11 ,$8 ,$26 ,$14 ,$26 ,,,,,,,,  
219,Sales,Abrasive Sales,Medium Direct Sales,Medium Direct Tons,Tons,23,34,33,53,45,7.25,15,24,37,30,31,14,16,16,41,19,69,,,,,,,,
220,Sales,Abrasive Sales,Medium Direct Sales,Medium Direct Revenue,$,"$15,680 ","$23,100 ","$27,520 ","$35,440 ","$29,520 ","$5,140 ","$12,000 ","$19,285 ","$27,364 ","$25,908 ","$24,870 ","$11,501 ","$16,686 ","$14,241 ","$34,909 ","$22,288 ","$59,737 ",,,,,,,,
221,Sales,Abrasive Sales,Medium Direct Sales,Medium Direct Tons/Order,Tons/Order,$2.88 ,$3.78 ,$3.00 ,$4.42 ,$5.00 ,$1.21 ,$1.88 ,$2.40 ,$3.08 ,$2.31 ,$2.58 ,$1.75 ,$1.46 ,$2.00 ,$1.58 ,$1.36 ,$2.65 ,,,,,,,,
222,Sales,Abrasive Sales,Medium Direct Sales,Medium Direct Revenue/Order,$/Order,"$1,960.00 ","$2,566.67 ","$2,501.82 ","$2,953.33 ","$3,280.00 ",$856.67 ,"$1,500.00 ","$1,928.50 ","$2,280.33 ","$1,992.92 ","$2,072.50 ","$1,437.63 ","$1,516.91 ","$1,780.13 ","$1,342.65 ","$1,592.00 ","$2,297.56 ",,,,,,,,
223,Sales,Abrasive Sales,Medium Direct Sales,Medium Direct Avg Price,$/lb,$0.34 ,$0.34 ,$0.42 ,$0.33 ,$0.33 ,$0.35 ,$0.40 ,$0.40 ,$0.37 ,$0.43 ,$0.40 ,$0.41 ,$0.52 ,$0.45 ,$0.43 ,$0.59 ,$0.43 ,,,,,,,,
224,Sales,Abrasive Sales,Medium Direct Sales,Medium Direct Avg GM,$/lb,0.206,0.108,0.277,0.145,0.159,0.187,0.233,0.226,0.185,0.282,0.147,0.135,0.276,0.274,0.201,0.331,0.22,,,,,,,,
225,Sales,Abrasive Sales,Medium Direct Sales,Medium Direct Avg OM,$/lb,-0.098,-0.08,0.141,-0.032,0.048,0.023,0.123,0.12,0.072,0.197,-0.007,-0.136,0.123,0.126,0.075,0.127,0.082,,,,,,,,
226,Sales,Abrasive Sales,Medium Direct Sales,% Medium Direct Avg GM,%,0.604,0.317,0.665,0.434,0.485,0.528,0.584,0.562,0.501,0.653,0.366,0.328,0.529,0.616,0.472,0.564,0.508,,,,,,,,
227,Sales,Abrasive Sales,Medium Direct Sales,% Medium Direct Avg OM,%,-0.288,-0.235,0.338,-0.096,0.146,0.063,0.308,0.298,0.196,0.457,-0.018,-0.33,0.236,0.284,0.177,0,0,,,,,,,,
228,Sales,Abrasive Sales,Medium Direct Sales,% Medium Direct Orders,%,0,0,0,0,0,0,0,0,0,0,0,0,0,0,0,0,0,,,,,,,,
229,Sales,Abrasive Sales,Medium Direct Sales,% Medium Direct Revenue,%,0,0,0,0,0,0,0,0,0,0,0,0,0,0,0,0,0,,,,,,,,
230,Sales,Abrasive Sales,Small Direct Sales,Small Direct Orders,Orders,$21 ,$21 ,$14 ,$22 ,$14 ,$10 ,$17 ,$26 ,$30 ,$29 ,$25 ,$26 ,$56 ,$62 ,$116 ,$106 ,$164 ,,,,,,,,
231,Sales,Abrasive Sales,Small Direct Sales,Small Direct Tons,Tons,2.1,2,1.9,2.1,1.8,2.5,2.5,5.7,4.6,2.6,1.4,2,3.9,4,8.2,4,9,,,,,,,,
232,Sales,Abrasive Sales,Small Direct Sales,Small Direct Revenue,$,"$2,525 ","$2,452 ","$1,986 ","$2,680 ","$2,120 ","$2,532 ","$2,518 ","$7,264 ","$5,188 ","$4,342 ","$2,247 ","$3,562 ","$6,376 ","$6,955 ","$14,612 ","$10,203 ","$17,795 ",,,,,,,,
233,Sales,Abrasive Sales,Small Direct Sales,Small Direct Tons/Order,Tons/Order,$0.10 ,$0.09 ,$0.14 ,$0.10 ,$0.13 ,$0.25 ,$0.15 ,$0.22 ,$0.15 ,$0.09 ,$0.05 ,$0.08 ,$0.07 ,$0.06 ,$0.07 ,$0.04 ,$0.06 ,,,,,,,,
234,Sales,Abrasive Sales,Small Direct Sales,Small Direct Revenue/Order,$/Order,$120.24 ,$116.78 ,$141.88 ,$121.84 ,$151.40 ,$253.17 ,$148.14 ,$279.39 ,$172.93 ,$149.71 ,$89.88 ,$136.99 ,$113.85 ,$112.17 ,$125.97 ,$96.26 ,$108.51 ,,,,,,,,
235,Sales,Abrasive Sales,Small Direct Sales,Small Direct Avg Price,$/lb,$0.60 ,$0.62 ,$0.52 ,$0.63 ,$0.60 ,$0.51 ,$0.50 ,$0.63 ,$0.57 ,$0.84 ,$0.83 ,$0.89 ,$0.82 ,$0.88 ,$0.89 ,$1.23 ,$0.98 ,,,,,,,,
236,Sales,Abrasive Sales,Small Direct Sales,Small Direct Avg GM,$/lb,0.466,0.389,0.376,0.441,0.428,0.339,0.337,0.458,0.385,0.685,0.578,0.614,0.572,0.704,0.666,0.973,0.77,,,,,,,,
237,Sales,Abrasive Sales,Small Direct Sales,Small Direct Avg OM,$/lb,0.162,0.201,0.24,0.264,0.317,0.174,0.227,0.353,0.273,0.6,0.424,0.344,0.419,0.556,0.541,0.77,0.632,,,,,,,,
238,Sales,Abrasive Sales,Small Direct Sales,% Small Direct Avg GM,%,0.776,0.626,0.729,0.7,0.717,0.669,0.669,0.722,0.676,0.82,0.694,0.69,0.7,0.805,0.748,0.792,0.784,,,,,,,,
239,Sales,Abrasive Sales,Small Direct Sales,% Small Direct Avg OM,%,0.27,0.324,0.465,0.419,0.531,0.344,0.45,0.556,0.478,0.719,0.509,0.386,0.512,0.636,0.607,0.626,0.643,,,,,,,,
240,Sales,Abrasive Sales,Small Direct Sales,% Small Direct Orders,%,0.339,0.35,0.215,0.275,0.173,0.135,0.233,0.271,0.326,0.264,0.269,0.329,0.452,0.559,0.624,1,1,,,,,,,,
241,Sales,Abrasive Sales,Small Direct Sales,% Small Direct Revenue,%,$0 ,$0 ,$0 ,$0 ,$0 ,$0 ,$0 ,$0 ,$0 ,$0 ,$0 ,$0 ,$0 ,$0 ,$0 ,$0 ,$0 ,,,,,,,,
242,Sales,Abrasive Sales,KinetiX Sales,KX Orders,Orders,$22 ,$30 ,$33 ,$39 ,$45 ,$46 ,$39 ,$61 ,$48 ,$53 ,$52 ,$38 ,$39 ,$37 ,$54 ,$50 ,$74 ,,,,,,,,
243,Sales,Abrasive Sales,KinetiX Sales,KX Tons,Tons,$143 ,$290 ,$308 ,$347 ,$513 ,$465 ,$454 ,$542 ,$533 ,$595 ,$503 ,$351 ,$393 ,$420 ,$298 ,$261 ,$561 ,,,,,,,,
244,Sales,Abrasive Sales,KinetiX Sales,KX Revenue,$,"$73,621 ","$147,229 ","$154,236 ","$186,357 ","$269,512 ","$259,570 ","$249,708 ","$305,238 ","$302,839 ","$334,383 ","$279,210 ","$198,215 ","$207,412 ","$238,023 ","$170,191 ","$155,484 ","$320,092 ",,,,,,,,
245,Sales,Abrasive Sales,KinetiX Sales,KX Tons/Order,Tons/Order,$6 ,$10 ,$9 ,$9 ,$11 ,$10 ,$12 ,$9 ,$11 ,$11 ,$10 ,$9 ,$10 ,$11 ,$6 ,$5 ,$8 ,,,,,,,,
246,Sales,Abrasive Sales,KinetiX Sales,KX Revenue/Order,$/Order,"$3,346 ","$4,908 ","$4,674 ","$4,778 ","$5,989 ","$5,643 ","$6,403 ","$5,004 ","$6,309 ","$6,309 ","$5,369 ","$5,216 ","$5,318 ","$6,433 ","$3,152 ","$3,110 ","$4,326 ",,,,,,,,
247,Sales,Abrasive Sales,KinetiX Sales,KX Avg Price,$/lb,$0 ,$0 ,$0 ,$0 ,$0 ,$0 ,$0 ,$0 ,$0 ,$0 ,$0 ,$0 ,$0 ,$0 ,$0 ,$0 ,$0 ,,,,,,,,
248,Sales,Abrasive Sales,KinetiX Sales,KX Avg GM,$/lb,$0 ,$0 ,$0 ,$0 ,$0 ,$0 ,$0 ,$0 ,$0 ,$0 ,$0 ,$0 ,$0 ,$0 ,$0 ,$0 ,$0 ,,,,,,,,
249,Sales,Abrasive Sales,KinetiX Sales,KX Avg OM,$/lb,0,0,0,0,0,0,0,0,0,0,0,0,0,0,0,0,0,,,,,,,,
250,Sales,Abrasive Sales,KinetiX Sales,% KX Avg GM,%,0,0,0,0,0,0,0,0,0,0,0,0,0,0,0,0,0,,,,,,,,
251,Sales,Abrasive Sales,KinetiX Sales,% KX Avg OM,%,($1),($1),$0 ,$0 ,$0 ,$0 ,$0 ,$0 ,$0 ,$0 ,$0 ,($1),($1),$0 ,$0 ,($1),($0),,,,,,,,
252,Sales,Abrasive Sales,KinetiX Sales,% KX Orders,%,0.4,0.5,0.5,0.5,0.6,0.6,0.5,0.6,0.5,0.5,0.6,0.5,0.3,0.3,0.3,0,0,,,,,,,,
253,Sales,Abrasive Sales,KinetiX Sales,% KX Tons,%,$1 ,$1 ,$1 ,$1 ,$1 ,$1 ,$1 ,$1 ,$1 ,$1 ,$1 ,$1 ,$1 ,$1 ,$0 ,$0 ,$1 ,,,,,,,,
254,Sales,Abrasive Sales,KinetiX Sales,% KX Revenue,%,$0.52 ,$0.71 ,$0.47 ,$0.61 ,$0.60 ,$0.70 ,$0.60 ,$0.73 ,$0.72 ,$0.62 ,$0.77 ,$0.76 ,$0.46 ,$0.63 ,$0.38 ,$0.43 ,$0.53 ,,,,,,,,
255,Sales,Abrasive Sales,KinetiX Sales,KX Distributor Revenue,$,"$61,486.00 ","$127,628.00 ","$140,813.00 ","$156,122.00 ","$228,374.00 ","$144,762.00 ","$173,748.00 ","$205,304.00 ","$169,848.00 ","$163,911.00 ","$158,826.00 ","$90,408.00 ","$150,828.00 ","$140,572.00 ","$70,814.00 ","$78,306.00 ","$150,116.00 ",,,,,,,,
256,Sales,Abrasive Sales,KinetiX Sales,KX Large Direct Revenue,$,$0.00 ,$0.00 ,$0.00 ,$0.00 ,"$13,640.00 ","$109,560.00 ","$68,200.00 ","$84,040.00 ","$109,120.00 ","$155,716.00 ","$104,852.00 ","$101,728.00 ","$50,864.00 ","$85,668.00 ","$79,420.00 ","$66,756.00 ","$127,160.00 ",,,,,,,,
257,Sales,Abrasive Sales,KinetiX Sales,KX Medium Direct Revenue,$,11980,19260,12840,30040,27300,4420,6700,12620,22444,13960,15180,5384,5196,10246,16434,10293,39450,,,,,,,,
258,Sales,Abrasive Sales,KinetiX Sales,KX Small Direct Revenue,$,155,340.5,583,195,198,828,1060,3274,1427,796,352,694.8,524,1537,3522.8,128.5,3366.1,,,,,,,,
259,Sales,Abrasive Sales,KinetiX Sales,KX Online Revenue,$,0,0,0,0,0,0,1440,160,64,224,1160,572.8,1056,2865,2929.8,5446,5044.1,,,,,,,,
260,Sales,Abrasive Sales,KinetiX Sales,KX Offline Revenue,$,73621,147228.5,154236,186357,269512,259570,248268,305078,302775,334159,278050,197642,206356,235158,167261,150037.5,315048,,,,,,,,
261,Sales,Abrasive Sales,KinetiX Sales,KX First Revenue,$,0,1355.5,4220,0,198,14760,360,2392,1728,16421,2448,2516.8,1152,5705,7843,21739,4896,,,,,,,,
262,Sales,Abrasive Sales,KinetiX Sales,KX Repeat Revenue,$,"$73,621 ","$145,873 ","$150,016 ","$186,357 ","$269,314 ","$244,810 ","$249,348 ","$302,846 ","$301,111 ","$317,962 ","$276,762 ","$195,698 ","$206,260 ","$232,318 ","$162,348 ","$133,745 ","$315,196 ",,,,,,,,
263,Sales,Abrasive Sales,DynamiX Sales,DX Orders,Orders,$5 ,$4 ,$14 ,$11 ,$12 ,$7 ,$5 ,$12 ,$10 ,$17 ,$9 ,$8 ,$17 ,$11 ,$30 ,$22 ,$35 ,,,,,,,,
264,Sales,Abrasive Sales,DynamiX Sales,DX Tons,Tons,$87 ,$105 ,$241 ,$193 ,$278 ,$132 ,$142 ,$139 ,$121 ,$295 ,$100 ,$76 ,$252 ,$184 ,$411 ,$315 ,$359 ,,,,,,,,
265,Sales,Abrasive Sales,DynamiX Sales,DX Revenue,$,"$47,160 ","$49,620 ","$124,860 ","$101,804 ","$164,000 ","$74,230 ","$78,860 ","$78,853 ","$72,537 ","$158,420 ","$56,130 ","$43,637 ","$136,541 ","$101,032 ","$224,668 ","$179,989 ","$229,780 ",,,,,,,,
266,Sales,Abrasive Sales,DynamiX Sales,DX Tons/Order,Tons/Order,$17 ,$26 ,$17 ,$18 ,$23 ,$19 ,$28 ,$12 ,$12 ,$17 ,$11 ,$10 ,$15 ,$17 ,$14 ,$14 ,$10 ,,,,,,,,
267,Sales,Abrasive Sales,DynamiX Sales,DX Revenue/Order,$/Order,"$9,432 ","$12,405 ","$8,919 ","$9,255 ","$13,667 ","$10,604 ","$15,772 ","$6,571 ","$7,254 ","$9,319 ","$6,237 ","$5,455 ","$8,032 ","$9,185 ","$7,489 ","$8,181 ","$6,565 ",,,,,,,,
268,Sales,Abrasive Sales,DynamiX Sales,DX Avg Price,$/lb,$0 ,$0 ,$0 ,$0 ,$0 ,$0 ,$0 ,$0 ,$0 ,$0 ,$0 ,$0 ,$0 ,$0 ,$0 ,$0 ,$0 ,,,,,,,,
269,Sales,Abrasive Sales,DynamiX Sales,DX Avg GM,$/lb,$0 ,$0 ,$0 ,$0 ,$0 ,$0 ,$0 ,$0 ,$0 ,$0 ,$0 ,$0 ,$0 ,$0 ,$0 ,$0 ,$0 ,,,,,,,,
270,Sales,Abrasive Sales,DynamiX Sales,DX Avg OM,$/lb,0,0,0,0,0,0,0,0,0,0,0,0,0,0,0,0,0,,,,,,,,
271,Sales,Abrasive Sales,DynamiX Sales,% DX Avg GM,%,1,0,0,0,0,0,0,0,0,0,0,0,0,0,0,0,0,,,,,,,,
272,Sales,Abrasive Sales,DynamiX Sales,% DX Avg OM,%,($1),($1),$0 ,$0 ,$0 ,$0 ,$0 ,$0 ,$0 ,$0 ,$0 ,($1),$0 ,$0 ,$0 ,($1),($0),,,,,,,,
273,Sales,Abrasive Sales,DynamiX Sales,% DX Orders,%,0.1,0.1,0.2,0.1,0.1,0.1,0.1,0.1,0.1,0.2,0.1,0.1,0.1,0.1,0.2,0,0,,,,,,,,
274,Sales,Abrasive Sales,DynamiX Sales,% DX Tons,%,$0 ,$0 ,$0 ,$0 ,$0 ,$0 ,$0 ,$0 ,$0 ,$0 ,$0 ,$0 ,$0 ,$0 ,$1 ,$1 ,$0 ,,,,,,,,
275,Sales,Abrasive Sales,DynamiX Sales,% DX Revenue,%,$0.33 ,$0.24 ,$0.38 ,$0.34 ,$0.36 ,$0.20 ,$0.19 ,$0.19 ,$0.17 ,$0.30 ,$0.16 ,$0.17 ,$0.30 ,$0.27 ,$0.50 ,$0.49 ,$0.38 ,,,,,,,,
276,Sales,Abrasive Sales,DynamiX Sales,DX Distributor Revenue,$,"$6,840.00 ","$9,300.00 ","$71,100.00 ","$61,104.00 ","$76,160.00 ","$33,190.00 ","$11,660.00 ","$24,120.00 ",$0.00 ,"$91,150.00 ","$11,660.00 ",$0.00 ,"$81,772.50 ","$60,500.00 ","$141,240.00 ","$138,600.00 ","$101,640.00 ",,,,,,,,
277,Sales,Abrasive Sales,DynamiX Sales,DX Large Direct Revenue,$,"$40,320.00 ","$40,320.00 ","$53,760.00 ","$40,320.00 ","$87,840.00 ","$40,320.00 ","$67,200.00 ","$53,760.00 ","$70,480.00 ","$67,200.00 ","$40,320.00 ","$40,320.00 ","$53,760.00 ","$40,320.00 ","$78,400.00 ","$40,320.00 ","$123,768.00 ",,,,,,,,
278,Sales,Abrasive Sales,DynamiX Sales,DX Medium Direct Revenue,$,0,0,0,0,0,720,0,760,1240,0,4010,3177,760,0,3960,0,2835,,,,,,,,
279,Sales,Abrasive Sales,DynamiX Sales,DX Small Direct Revenue,$,0,0,0,380,0,0,0,213,817,70,140,140,248,212,1068,1069,1537,,,,,,,,
280,Sales,Abrasive Sales,DynamiX Sales,DX Online Revenue,$,0,0,0,0,0,0,0,140,350,70,140,1037,210,212,742,583,4107,,,,,,,,
281,Sales,Abrasive Sales,DynamiX Sales,DX Offline Revenue,$,47160,49620,124860,101804,164000,74230,78860,78713,72187,158350,55990,42600,136330.5,100820,223926,179406,225673,,,,,,,,
282,Sales,Abrasive Sales,DynamiX Sales,DX First Revenue,$,0,0,0,0,15840,720,0,935,17127,680,2420,105,70,106,1374,583,1272,,,,,,,,
283,Sales,Abrasive Sales,DynamiX Sales,DX Repeat Revenue,$,"$47,160 ","$49,620 ","$124,860 ","$101,804 ","$148,160 ","$73,510 ","$78,860 ","$77,918 ","$55,410 ","$157,740 ","$53,710 ","$43,532 ","$136,471 ","$100,926 ","$223,294 ","$179,406 ","$228,508 ",,,,,,,,
284,Sales,Abrasive Sales,EpiX Sales,EX Orders,Orders,$37 ,$26 ,$21 ,$33 ,$24 ,$21 ,$30 ,$31 ,$35 ,$44 ,$36 ,$33 ,$74 ,$68 ,$109 ,$97 ,$149 ,,,,,,,,
285,Sales,Abrasive Sales,EpiX Sales,EX Tons,Tons,$28 ,$12 ,$56 ,$16 ,$20 ,$42 ,$96 ,$36 ,$48 ,$42 ,$24 ,$19 ,$126 ,$35 ,$47 ,$22 ,$49 ,,,,,,,,
286,Sales,Abrasive Sales,EpiX Sales,EX Revenue,$,"$22,171 ","$10,407 ","$46,823 ","$15,367 ","$19,020 ","$38,843 ","$87,861 ","$36,002 ","$45,955 ","$43,270 ","$25,373 ","$20,685 ","$110,146 ","$37,855 ","$53,056 ","$29,628 ","$59,291 ",,,,,,,,
287,Sales,Abrasive Sales,EpiX Sales,EX Tons/Order,Tons/Order,$1 ,$0 ,$3 ,$0 ,$1 ,$2 ,$3 ,$1 ,$1 ,$1 ,$1 ,$1 ,$2 ,$1 ,$0 ,$0 ,$0 ,,,,,,,,
288,Sales,Abrasive Sales,EpiX Sales,EX Revenue/Order,$/Order,$599 ,$400 ,"$2,230 ",$466 ,$792 ,"$1,850 ","$2,929 ","$1,161 ","$1,313 ",$983 ,$705 ,$627 ,"$1,488 ",$557 ,$487 ,$305 ,$398 ,,,,,,,,
289,Sales,Abrasive Sales,EpiX Sales,EX Avg Price,$/lb,$0 ,$0 ,$0 ,$0 ,$0 ,$0 ,$0 ,$1 ,$0 ,$1 ,$1 ,$1 ,$0 ,$1 ,$1 ,$1 ,$1 ,,,,,,,,
290,Sales,Abrasive Sales,EpiX Sales,EX Avg GM,$/lb,$0 ,$0 ,$0 ,$0 ,$0 ,$0 ,$0 ,$0 ,$0 ,$0 ,$0 ,$0 ,$0 ,$0 ,$0 ,$0 ,$0 ,,,,,,,,
291,Sales,Abrasive Sales,EpiX Sales,EX Avg OM,$/lb,$0 ,$0 ,$0 ,$0 ,$0 ,$0 ,$0 ,$0 ,$0 ,$0 ,$0 ,$0 ,$0 ,$0 ,$0 ,$0 ,$0 ,,,,,,,,
292,Sales,Abrasive Sales,EpiX Sales,% EX Avg GM,%,$1 ,$0 ,$1 ,$1 ,$1 ,$1 ,$1 ,$1 ,$1 ,$1 ,$1 ,$0 ,$0 ,$1 ,$1 ,$1 ,$1 ,,,,,,,,
293,Sales,Abrasive Sales,EpiX Sales,% EX Avg OM,%,$0 ,$0 ,$0 ,$0 ,$0 ,$0 ,$0 ,$0 ,$0 ,$1 ,$0 ,$0 ,$0 ,$0 ,$0 ,$0 ,$0 ,,,,,,,,
294,Sales,Abrasive Sales,EpiX Sales,% EX Orders,%,$1 ,$0 ,$0 ,$0 ,$0 ,$0 ,$0 ,$0 ,$0 ,$0 ,$0 ,$0 ,$1 ,$1 ,$1 ,$1 ,$1 ,,,,,,,,
295,Sales,Abrasive Sales,EpiX Sales,% EX Tons,%,$0 ,$0 ,$0 ,$0 ,$0 ,$0 ,$0 ,$0 ,$0 ,$0 ,$0 ,$0 ,$0 ,$0 ,$0 ,$0 ,$0 ,,,,,,,,
296,Sales,Abrasive Sales,EpiX Sales,% EX Revenue,%,$0 ,$0 ,$0 ,$0 ,$0 ,$0 ,$0 ,$0 ,$0 ,$0 ,$0 ,$0 ,$0 ,$0 ,$0 ,$0 ,$0 ,,,,,,,,
297,Sales,Abrasive Sales,EpiX Sales,EX Distributor Revenue,$,"$16,102 ","$4,455 ","$30,740 ","$7,862 ","$14,878 ","$37,139 ","$81,103 ","$26,320 ","$39,331 ","$27,847 ","$17,938 ","$15,018 ","$93,812 ","$28,655 ","$28,520 ","$8,627 ","$28,948 ",,,,,,,,
298,Sales,Abrasive Sales,EpiX Sales,EX Large Direct Revenue,$,$0 ,$0 ,$0 ,$0 ,$0 ,$0 ,$0 ,$0 ,$0 ,$0 ,$0 ,$0 ,$0 ,$0 ,$0 ,$0 ,$0 ,,,,,,,,
299,Sales,Abrasive Sales,EpiX Sales,EX Medium Direct Revenue,$,"$3,700 ","$3,840 ","$14,680 ","$5,400 ","$2,220 ",$0 ,"$5,300 ","$5,905 ","$3,680 ","$11,948 ","$5,680 ","$2,940 ","$10,730 ","$3,995 ","$14,515 ","$11,995 ","$17,452 ",,,,,,,,
300,Sales,Abrasive Sales,EpiX Sales,EX Small Direct Revenue,$,"$2,369.95 ","$2,111.90 ","$1,403.35 ","$2,105.40 ","$1,921.55 ","$1,703.70 ","$1,458.35 ","$3,777.00 ","$2,944.00 ","$3,475.50 ","$1,755.00 ","$2,727.00 ","$5,603.80 ","$5,205.70 ","$10,021.50 ","$9,005.80 ","$12,891.70 ",,,,,,,,
301,Sales,Abrasive Sales,EpiX Sales,EX Online Revenue,$,$0.00 ,$0.00 ,$0.00 ,$0.00 ,$0.00 ,$0.00 ,$103.90 ,"$5,142.00 ","$2,260.00 ","$6,125.50 ","$4,526.00 ","$3,918.00 ","$8,334.80 ","$6,145.70 ","$16,667.50 ","$15,094.80 ","$20,825.20 ",,,,,,,,
302,Sales,Abrasive Sales,EpiX Sales,EX Offline Revenue,$,"$22,171.45 ","$10,406.90 ","$46,823.35 ","$15,366.90 ","$19,019.55 ","$38,842.70 ","$87,757.45 ","$30,860.00 ","$43,694.50 ","$37,144.50 ","$20,846.50 ","$16,766.50 ","$101,811.40 ","$31,709.50 ","$36,388.50 ","$14,533.00 ","$38,465.50 ",,,,,,,,
303,Sales,Abrasive Sales,EpiX Sales,EX First Revenue,$,$671.45 ,$567.50 ,$621.20 ,"$2,801.40 ","$2,361.65 ",$51.95 ,$422.90 ,"$6,093.00 ","$3,466.00 ","$6,937.50 ","$3,332.00 ","$1,720.00 ","$4,767.80 ","$4,569.70 ","$14,669.90 ","$11,553.90 ","$16,965.20 ",,,,,,,,
304,Sales,Abrasive Sales,EpiX Sales,EX Repeat Revenue,$,21500,9839.4,46202.15,12565.5,16657.9,38790.75,87438.45,29909,42488.5,36332.5,22040.5,18964.5,105378.4,33285.5,38386.1,18073.9,42325.5,,,,,,,,
305,Costs,Sales,Sales Expenses,Allredi CA,$,1042.77,0,0,0,0,1895.71,0,0,0,1573.98,0,0,0,497.17,661.74,119.11,0,,,,,,,,
306,Costs,Sales,Sales Expenses,Allredi US,$,3150.15,-224.87,0,1084.4,1039.24,0,76.09,1816.37,4787.27,887.41,2784.41,0,0,0,0,185.22,464.03,,,,,,,,
307,Costs,Sales,Sales Expenses,BTNW,$,$0 ,$0 ,"$1,197 ",$0 ,"$3,930 ",$0 ,$0 ,$0 ,$0 ,$0 ,$882 ,$0 ,$0 ,$0 ,$0 ,$0 ,$0 ,,,,,,,,
308,Costs,Sales,Sales Expenses,Canoa,$,"$2,425 ","$6,553 ",$60 ,"$2,096 ","$1,918 ",$235 ,$0 ,$10 ,$3 ,$0 ,$5 ,$0 ,$0 ,$0 ,$54 ,"$1,277 ","$2,015 ",,,,,,,,
309,Costs,Sales,Sales Expenses,PPG,$,$0 ,$0 ,$0 ,$0 ,$0 ,$0 ,$629 ,$366 ,$908 ,$0 ,$0 ,"$1,595 ",$219 ,$0 ,$0 ,$0 ,$0 ,,,,,,,,
310,Costs,Sales,Sales Expenses,Distributor Sales Expenses,$,"$6,618 ","$6,328 ","$1,257 ","$3,180 ","$6,888 ","$2,131 ",$705 ,"$2,192 ","$5,699 ","$2,461 ","$3,672 ","$1,595 ",$219 ,$497 ,$716 ,"$1,581 ","$2,479 ",,,,,,,,
311,Costs,Sales,Sales Expenses,Direct Sales Expenses,$,"$1,716 ","$2,708 ","$2,891 ",$0 ,$514 ,$0 ,"$2,415 ",$0 ,"$1,650 ","$1,858 ","$1,932 ","$3,242 ","$3,685 ","$2,748 ","$1,154 ",$330 ,$16 ,,,,,,,,
312,Costs,Sales,Sales Expenses,Sales Coaching Expenses,$,$0 ,$0 ,"$13,278 ","$15,653 ","$13,168 ","$20,559 ","$12,374 ","$17,436 ","$16,660 ","$21,342 ","$17,438 ","$9,533 ","$5,915 ","$7,962 ","$8,272 ","$7,858 ","$6,307 ",,,,,,,,
313,Costs,Sales,Sales Expenses,Total Sales Expenses,$,"$8,334 ","$9,035 ","$17,425 ","$18,833 ","$20,569 ","$22,690 ","$15,494 ","$19,628 ","$24,009 ","$25,661 ","$23,042 ","$14,370 ","$9,819 ","$11,207 ","$10,141 ","$9,769 ","$8,802 ",,,,,,,,
314,Costs,Sales,Sales Expenses,Unit Distributor Sales Expenses,$,$0 ,$0 ,$0 ,$0 ,$0 ,$0 ,$0 ,$0 ,$0 ,$0 ,$0 ,$0 ,$0 ,$0 ,$0 ,$0 ,$0 ,,,,,,,,
315,Costs,Sales,Sales Expenses,Unit Direct Sales Expenses,$,$0 ,$0 ,$0 ,$0 ,$0 ,$0 ,$0 ,$0 ,$0 ,$0 ,$0 ,$0 ,$0 ,$0 ,$0 ,$0 ,$0 ,,,,,,,,
316,Costs,Sales,Sales Expenses,Unit Sales Coaching Expenses,$,$0 ,$0 ,$0 ,$0 ,$0 ,$0 ,$0 ,$0 ,$0 ,$0 ,$0 ,$0 ,$0 ,$0 ,$0 ,$0 ,$0 ,,,,,,,,
317,Costs,Sales,Sales Expenses,Unit Total Sales Expenses,$,$0 ,$0 ,$0 ,$0 ,$0 ,$0 ,$0 ,$0 ,$0 ,$0 ,$0 ,$0 ,$0 ,$0 ,$0 ,$0 ,$0 ,,,,,,,,
318,Costs,Sales,Sales Expenses,% Distributor Sales Expenses,%,$1 ,$1 ,$0 ,$1 ,$1 ,$1 ,$0 ,$1 ,$1 ,$1 ,$1 ,$0 ,$0 ,$0 ,$0 ,$1 ,$1 ,,,,,,,,
319,Costs,Sales,Sales Expenses,% Direct Sales Expenses,%,$0 ,$0 ,$1 ,$0 ,$0 ,$0 ,$1 ,$0 ,$0 ,$0 ,$0 ,$1 ,$1 ,$1 ,$1 ,$0 ,$0 ,,,,,,,,
320,Costs,Sales,Sales Expenses,% Sales Coaching Expenses,%,$0 ,$0 ,$1 ,$1 ,$1 ,$1 ,$1 ,$1 ,$1 ,$1 ,$1 ,$1 ,$1 ,$1 ,$1 ,$1 ,$1 ,,,,,,,,
321,Costs,Marketing,Marketing Expenses,WebFX Fees,$,$500 ,$500 ,$500 ,$500 ,$500 ,$500 ,$500 ,"$1,000 ","$1,475 ","$1,475 ","$1,475 ","$1,475 ","$1,475 ","$1,475 ","$1,475 ",$500 ,"$2,975 ",,,,,,,,
322,Costs,Marketing,Marketing Expenses,WebFX Services,$,$0 ,$0 ,$0 ,$0 ,$0 ,$0 ,$0 ,$0 ,$0 ,$0 ,$255 ,$0 ,$528 ,"$1,650 ","$3,218 ","$2,813 ","$1,950 ",,,,,,,,
323,Costs,Marketing,Marketing Expenses,SEO,$,"$3,309 ","$3,282 ","$3,282 ","$3,471 ","$3,270 ","$3,779 ","$3,395 ","$7,545 ","$9,701 ","$7,436 ","$7,552 ","$29,601 ","$16,862 ","$17,600 ","$15,174 ","$15,163 ","$21,163 ",,,,,,,,
324,Costs,Marketing,Marketing Expenses,PPC Fee,$,$975.00 ,$975.00 ,$975.00 ,$975.00 ,$975.00 ,$0.00 ,$0.00 ,$0.00 ,$975.00 ,"$1,053.89 ","$1,381.78 ","$1,697.26 ","$1,824.87 ","$1,919.69 ","$1,973.07 ","$5,660.68 ","$9,475.00 ",,,,,,,,
325,Costs,Marketing,Marketing Expenses,Google Ads,$,"$1,302.57 ","$2,038.35 ","$1,944.09 ",$938.89 ,$265.01 ,$0.00 ,$0.00 ,"$3,000.00 ","$6,340.47 ","$8,522.05 ","$8,000.00 ","$11,839.02 ","$10,551.93 ","$11,239.03 ","$10,621.37 ","$15,278.00 ","$24,000.00 ",,,,,,,,
326,Costs,Marketing,Marketing Expenses,Microsoft Ads,$,$0.00 ,$0.00 ,$0.00 ,$0.00 ,$0.00 ,$0.00 ,$0.00 ,$0.00 ,$0.00 ,$0.00 ,$0.00 ,"$1,055.87 ","$6,363.82 ","$7,010.75 ","$10,010.04 ","$12,284.00 ","$4,388.00 ",,,,,,,,
327,Costs,Marketing,Marketing Expenses,Facebook,$,0,0,0,0,0,0,0,0,0,0,0,0,0,0,0, -   ,176,,,,,,,,
328,Costs,Marketing,Marketing Expenses,Reddit,$,0,0,0,0,0,0,0,0,0,0,0,0,0,0,0, -   ,135,,,,,,,,
329,Costs,Marketing,Marketing Expenses,TikTok,$, -   , -   , -   , -   , -   , -   , -   , -   , -   , -   , -   , -   , -   , -   , -   ,3730,987,,,,,,,,
330,Costs,Marketing,Marketing Expenses,AdTechFX,$, -   , -   , -   , -   , -   , -   , -   , -   , -   ,500,500, -   ,"1,600", -   ,"1,500","1,500", -   ,,,,,,,,
331,Costs,Marketing,Marketing Expenses,CRO,$, -   , -   , -   , -   , -   , -   , -   , -   , -   , -   , -   ,"3,600","1,800","1,800","3,600","3,600","3,600",,,,,,,,
332,Costs,Marketing,Marketing Expenses,Geofencing,$, -   , -   , -   , -   , -   , -   , -   , -   , -   , -   , -   , -   , -   , -   ,966, -   ,2255,,,,,,,,
333,Costs,Marketing,Marketing Expenses,Online Store,$, -   , -   , -   , -   ,"3,125","3,125","3,125","1,950",150, -   , -   , -   , -   , -   , -   , -   , -   ,,,,,,,,
334,Costs,Marketing,Marketing Expenses,Website,$,240,20,71,910,"1,086", -   ,597,32,32,224,57,120,"1,617",862,669,996,810,,,,,,,,
335,Costs,Marketing,Marketing Expenses,Advertising,$, -   , -   , -   , -   , -   ,"1,750", -   ,"1,477",574,"2,240", -   ,443,"2,402","1,228",611,2893,3392,,,,,,,,
336,Costs,Marketing,Marketing Expenses,Conferences,$,"1,174","4,121","3,544", -   , -   , -   , -   ,436,378,"2,117","4,094","1,089","2,871","8,211",279,5498,377,,,,,,,,
337,Costs,Marketing,Marketing Expenses,Webinars,$,109,109,834, -   , -   ,500, -   , -   , -   ,"1,552", -   , -   , -   , -   ,"1,022", -   , -   ,,,,,,,,
338,Costs,Marketing,Marketing Expenses,Total Digital Marketing,$,"6,326","6,815","6,772","6,795","9,221","7,404","7,617","13,527","18,673","19,211","19,221","49,388","42,623","43,557","49,206","61,523","71,913",,,,,,,,
339,Costs,Marketing,Marketing Expenses,General Marketing,$,"1,283","4,230","4,379", -   , -   ,"2,250", -   ,"1,913",952,"5,909","4,094","1,532","5,272","9,440","1,912","8,391","3,769",,,,,,,,
340,Costs,Marketing,Marketing Expenses,Total Marketing Expenses,$,"7,609","11,045","11,151","6,795","9,221","9,654","7,617","15,440","19,625","25,120","23,315","50,920","47,895","52,997","51,118","69,914","75,682",,,,,,,,
341,Costs,Marketing,Marketing Expenses,Unit Digital Marketing Expenses,$,0,0,0,0,0,0,0,0,0,0,0,0,0,0,0,0.051,0.037,,,,,,,,
342,Costs,Marketing,Marketing Expenses,Unit General Marketing Expenses,$,0,0,0, -   , -   ,0, -   ,0,0,0,0,0,0,0,0,0.007,0.002,,,,,,,,
343,Costs,Marketing,Marketing Expenses,Unit Total Marketing Expenses,$,0.01,0.01,0.01,0.01,0.01,0.01,0.01,0.01,0.01,0.01,0.02,0.06,0.03,0.04,0.03,0.058,0.039,,,,,,,,
344,Costs,Marketing,Marketing Expenses,% Digital Marketing Expenses,%,0.83,0.62,0.61,1,1,0.77,1,0.88,0.95,0.76,0.82,0.97,0.89,0.82,0.96,1,1,,,,,,,,
345,Costs,Marketing,Marketing Expenses,% General Marketing Expenses,%,0.169,0.383,0.393,0,0,0.233,0,0.124,0.048,0.235,0.176,0.03,0.11,0.178,0.037,0.12,0.05,,,,,,,,
346,Costs,Marketing,Marketing Expenses,Owens Corning Shot Received,Tons,0,0,0,0,0,0,0,0,0,0,0,0,0,0,0,0,0,,,,,,,,
347,Costs,Marketing,Marketing Expenses,Isolatek Shot Received,Tons,875.25,1081.34,378.26,1371.33,592.345,620.45,519.3,1394.205,1057.405,855.895,801.58,496.93,399.9,682.545,667.18,365.05,805.03,,,,,,,,
348,Costs,Marketing,Marketing Expenses,Red Wing Shot Received,Tons, -   , -   ,49,145,243,119,291,196,267,465,583,752,954,691,332,540.14,446.81,,,,,,,,
349,Costs,Marketing,Marketing Expenses,Walworth Shot Received,Tons,164.65,121.31,91.4,74.26,140.82,121.86,25.64,98.58,74.13,76.1,123.35,47.78,24.87,98.18,99.42,49.98,0,,,,,,,,
350,Costs,Marketing,Marketing Expenses,Total Shot Received,Tons,1039.9,1202.65,518.45,1590.78,975.805,861.55,836.15,1688.585,1398.505,1396.805,1508.146,1296.29,1378.92,1472.205,1098.15,955.17,1251.84,,,,,,,,
351,Costs,Marketing,Marketing Expenses,Owens Corning Shot Processed,Tons,511.22,0,0,0,0,0,0,0,0,0,0,0,0,0,0,0,0,,,,,,,,
352,Costs,Marketing,Marketing Expenses,Isolatek Shot Processed,Tons,799.225,945.415,895.91,937.6535,816.86,605.67,1036.03,1174.87,1351.83,1234.96,590.8505,754.35,742.03,481.85,766.0055,629.872,585.6095,,,,,,,,
353,Costs,Marketing,Marketing Expenses,Red Wing Shot Processed,Tons,0,0,0,69.08,114.62,266.11,153.78,237.47,276.95,522.34,568.6095,516.09,644.03,793.89,704.8025,532.751,636.5145,,,,,,,,
354,Costs,Marketing,Marketing Expenses,Walworth Shot Processed,Tons,94.085,173.115,198.21,126.7265,65.48,86.4,66.8,0,0,132.46,247.8595,121.4205,0,153.18,75.31,74.09,0,,,,,,,,
355,Costs,Marketing,Marketing Expenses,Total Shot Processed,Tons,1404.53,1118.53,1094.12,1133.46,996.96,958.18,1256.61,1412.34,1628.78,1889.76,1407.3195,1391.8605,1386.06,1428.92,1546.118,1236.713,1222.124,,,,,,,,
356,Costs,Marketing,Marketing Expenses,Gross Operating Hours,Tons,111.25,110,105.5,110.5,99,95.5,121.5,124.5,146,172.5,142.5,138.5,156,164,171,134.5,135,,,,,,,,
357,Costs,Marketing,Marketing Expenses,Net Operating Hours,Tons,108,102,99.75,102.1,93.5,91,118,119.75,135,160.75,137.08,130,140,142.75,155.25,121.25,117.25,,,,,,,,
358,Costs,Marketing,Marketing Expenses,Scrap,Tons,940.512,599.2615,540.5,596.8955,504.665,469.2195,664.679,768.8435,975.888,1147.7905,864.1915,901.1095,753.453,776.596,683.701,678.8515,572.6665,,,,,,,,
359,Costs,Marketing,Marketing Expenses,Finished Goods,Tons,582.4015,524.923,529.2875,538.98,499.562,496.97,651.7305,642.83,712.4455,867.1995,614.3945,560.1795,628.1665,665.5785,743.1345,606.461,625.5085,,,,,,,,
360,Costs,Marketing,Marketing Expenses,Tons per Net Hour,Ton/hr,5.392606481,5.146303922,5.306140351,5.278942214,5.342909091,5.461208791,5.523139831,5.368100209,5.277374074,5.394709176,4.482014152,4.309073077,4.486903571,4.66254641,4.786695652,5.001740206,5.334827292,,,,,,,,
361,Costs,Marketing,Marketing Expenses,Tons per Gross Hour,Ton/hr,5.235069663,4.772027273,5.016943128,4.877647059,5.046080808,5.203874346,5.364037037,5.163293173,4.879763699,5.027243478,4.311540351,4.044617329,4.026708333,4.058405488,4.345815789,4.509003717,4.633396296,,,,,,,,
362,Costs,Marketing,Marketing Expenses,Uptime,%,0.970786517,0.927272727,0.94549763,0.9239819,0.944444444,0.952879581,0.971193416,0.96184739,0.924657534,0.931884058,0.961964912,0.938628159,0.897435897,0.870426829,0.907894737,0.901486989,0.868518519,,,,,,,,
363,Costs,Marketing,Marketing Expenses,Yield,%,0.414659352,0.469297203,0.483756352,0.475517442,0.501085299,0.518660377,0.518641822,0.455152442,0.437410516,0.458893987,0.436570729,0.402468135,0.453202964,0.465791297,0.480645397,0.490381358,0.511820814,,,,,,,,
364,Costs,Marketing,Marketing Expenses,OEE,%,0.84294193,0.830650557,0.917880819,0.857235759,0.9552175,1.028745349,1.080749449,0.90416944,0.789457792,0.859932097,0.724279664,0.611170678,0.655098105,0.658171491,0.758562887,0.797322462,0.82386578,,,,,,,,
365,Costs,Marketing,Marketing Expenses,Shot Received Less Processed,Tons,-364.63,84.12,-575.67,457.32,-21.155,-96.63,-420.46,276.245,-230.275,-492.955,100.8265,-95.5705,-7.14,43.285,-447.968,-281.543,29.716,,,,,,,,
366,Costs,Marketing,Marketing Expenses,% Finished Goods Sold,%,0.442821662,0.774637423,1.143943509,1.030186649,1.622221066,1.284584583,1.061251545,1.113785915,0.986215788,1.074003156,1.021859733,0.796485769,1.226386635,0.960329999,1.017985304,0.98654324,1.54897975,,,,,,,,
